0: 97939, 98477.97, 99234
1: 98170, 98818.73, 99307
2: 99056, 99155.81, 99307
3: 99128, 99188.91, 99321
4: 99156, 99204.72, 99333
5: 99177, 99218.81, 99333
6: 99190, 99233.97, 99333
7: 99205, 99247.12, 99333
8: 99221, 99257.33, 99385
9: 99233, 99271.47, 99385
10: 99248, 99285.68, 99385
11: 99258, 99295.61, 99385
12: 99268, 99302.59, 99385
13: 99275, 99310.92, 99385
14: 99282, 99319.05, 99389
15: 99295, 99328.09, 99389
16: 99303, 99334.81, 99395
17: 99311, 99341.04, 99403
18: 99318, 99345.63, 99403
19: 99324, 99354.06, 99403
20: 99333, 99359.51, 99403
21: 99345, 99362.67, 99403
22: 99345, 99364.44, 99403
23: 99348, 99370.59, 99428
24: 99355, 99375.34, 99428
25: 99360, 99381.81, 99470
26: 99366, 99385.48, 99470
27: 99372, 99387.63, 99470
28: 99372, 99391.07, 99482
29: 99379, 99393.11, 99482
30: 99382, 99395.73, 99482
31: 99382, 99398.71, 99482
32: 99384, 99404.57, 99482
33: 99388, 99408.13, 99482
34: 99392, 99412.15, 99482
35: 99398, 99415.87, 99482
36: 99402, 99420.57, 99482
37: 99406, 99427.74, 99482
38: 99408, 99431.32, 99482
39: 99415, 99437.45, 99482
40: 99423, 99443.27, 99530
41: 99427, 99447.25, 99530
42: 99433, 99451.66, 99530
43: 99436, 99455.07, 99530
44: 99439, 99460.34, 99530
45: 99444, 99465.01, 99530
46: 99450, 99467.96, 99530
47: 99453, 99472.13, 99530
48: 99457, 99477.78, 99530
49: 99464, 99482.36, 99530
50: 99472, 99489.52, 99530
51: 99481, 99495.24, 99530
52: 99482, 99499.12, 99530
53: 99489, 99503.88, 99530
54: 99492, 99509.94, 99538
55: 99498, 99515.67, 99538
56: 99505, 99519.46, 99548
57: 99510, 99524.46, 99548
58: 99521, 99528.59, 99548
59: 99525, 99530.04, 99548
60: 99526, 99532.4, 99550
61: 99527, 99534.12, 99550
62: 99529, 99537.14, 99551
63: 99530, 99539.71, 99569
64: 99531, 99542.67, 99569
65: 99537, 99545.76, 99569
66: 99541, 99548.2, 99569
67: 99544, 99550.86, 99569
68: 99548, 99552.7, 99571
69: 99550, 99554.65, 99571
70: 99550, 99556.65, 99571
71: 99550, 99558.78, 99571
72: 99555, 99561.08, 99571
73: 99557, 99562.95, 99572
74: 99562, 99565.79, 99572
75: 99564, 99567.4, 99578
76: 99564, 99569.2, 99580
77: 99569, 99570.8, 99580
78: 99569, 99571.4, 99580
79: 99571, 99571.63, 99580
80: 99571, 99571.85, 99580
81: 99571, 99572.32, 99580
82: 99571, 99573.2, 99580
83: 99571, 99574.25, 99580
84: 99572, 99575.47, 99580
85: 99572, 99576.33, 99580
86: 99572, 99577.6, 99580
87: 99578, 99579.45, 99580
88: 99579, 99579.94, 99580
89: 99580, 99580, 99580
90: 99580, 99580, 99580
91: 99580, 99580, 99580
92: 99580, 99580, 99580
93: 99580, 99580, 99580
94: 99580, 99580, 99580
95: 99580, 99580, 99580
96: 99580, 99580, 99580
97: 99580, 99580, 99580
98: 99580, 99580, 99580
99: 99580, 99580, 99580
100: 99580, 99580, 99580
101: 99580, 99580, 99580
102: 99580, 99580, 99580
103: 99580, 99580, 99580
104: 99580, 99580, 99580
105: 99580, 99580, 99580
106: 99580, 99580, 99580
107: 99580, 99580, 99580
108: 99580, 99580, 99580
109: 99580, 99580, 99580
110: 99580, 99580, 99580
111: 99580, 99580, 99580
112: 99580, 99580, 99580
113: 99580, 99580, 99580
114: 99580, 99580, 99580
115: 99580, 99580, 99580
116: 99580, 99580, 99580
117: 99580, 99580, 99580
118: 99580, 99580, 99580
119: 99580, 99580, 99580
120: 99580, 99580, 99580
121: 99580, 99580, 99580
122: 99580, 99580, 99580
123: 99580, 99580, 99580
124: 99580, 99580, 99580
125: 99580, 99580, 99580
126: 99580, 99580, 99580
127: 99580, 99580, 99580
128: 99580, 99580, 99580
129: 99580, 99580, 99580
130: 99580, 99580, 99580
131: 99580, 99580, 99580
132: 99580, 99580, 99580
133: 99580, 99580, 99580
134: 99580, 99580, 99580
135: 99580, 99580, 99580
136: 99580, 99580, 99580
137: 99580, 99580, 99580
138: 99580, 99580, 99580
139: 99580, 99580, 99580
140: 99580, 99580, 99580
141: 99580, 99580, 99580
142: 99580, 99580, 99580
143: 99580, 99580, 99580
144: 99580, 99580, 99580
145: 99580, 99580, 99580
146: 99580, 99580, 99580
147: 99580, 99580, 99580
148: 99580, 99580, 99580
149: 99580, 99580, 99580
150: 99580, 99580, 99580
151: 99580, 99580, 99580
152: 99580, 99580, 99580
153: 99580, 99580, 99580
154: 99580, 99580, 99580
155: 99580, 99580, 99580
156: 99580, 99580, 99580
157: 99580, 99580, 99580
158: 99580, 99580, 99580
159: 99580, 99580, 99580
160: 99580, 99580, 99580
161: 99580, 99580, 99580
162: 99580, 99580, 99580
163: 99580, 99580, 99580
164: 99580, 99580, 99580
165: 99580, 99580, 99580
166: 99580, 99580, 99580
167: 99580, 99580, 99580
168: 99580, 99580, 99580
169: 99580, 99580, 99580
170: 99580, 99580, 99580
171: 99580, 99580, 99580
172: 99580, 99580, 99580
173: 99580, 99580, 99580
174: 99580, 99580, 99580
175: 99580, 99580, 99580
176: 99580, 99580, 99580
177: 99580, 99580, 99580
178: 99580, 99580, 99580
179: 99580, 99580, 99580
180: 99580, 99580, 99580
181: 99580, 99580, 99580
182: 99580, 99580, 99580
183: 99580, 99580, 99580
184: 99580, 99580, 99580
185: 99580, 99580, 99580
186: 99580, 99580, 99580
187: 99580, 99580, 99580
188: 99580, 99580, 99580
189: 99580, 99580, 99580
190: 99580, 99580, 99580
191: 99580, 99580, 99580
192: 99580, 99580, 99580
193: 99580, 99580, 99580
194: 99580, 99580, 99580
195: 99580, 99580, 99580
196: 99580, 99580, 99580
197: 99580, 99580, 99580
198: 99580, 99580, 99580
199: 99580, 99580, 99580
0: 97939, 98503.12, 99251
1: 98179, 98834.96, 99309
2: 99041, 99154.7, 99364
3: 99120, 99186.96, 99364
4: 99157, 99206.46, 99364
5: 99181, 99223.4, 99364
6: 99197, 99236.74, 99364
7: 99210, 99250.75, 99364
8: 99229, 99266.8, 99368
9: 99238, 99276.24, 99368
10: 99247, 99286.24, 99422
11: 99258, 99295.77, 99422
12: 99272, 99304.72, 99422
13: 99277, 99315.08, 99422
14: 99291, 99326.02, 99422
15: 99303, 99332.24, 99422
16: 99309, 99339.62, 99422
17: 99314, 99343.71, 99422
18: 99319, 99348.44, 99447
19: 99325, 99353.96, 99447
20: 99329, 99358.98, 99447
21: 99336, 99364.18, 99447
22: 99344, 99370.38, 99447
23: 99354, 99376.92, 99447
24: 99358, 99381.11, 99447
25: 99361, 99386.06, 99457
26: 99365, 99390.34, 99457
27: 99370, 99395.45, 99457
28: 99375, 99399.68, 99464
29: 99381, 99404.92, 99489
30: 99386, 99409.43, 99509
31: 99393, 99415.24, 99509
32: 99397, 99419.64, 99509
33: 99402, 99423.43, 99509
34: 99405, 99426.18, 99509
35: 99413, 99431.26, 99509
36: 99416, 99434.76, 99509
37: 99421, 99437.28, 99509
38: 99422, 99442.5, 99509
39: 99428, 99445, 99509
40: 99430, 99448.61, 99509
41: 99434, 99451.63, 99510
42: 99438, 99454.96, 99510
43: 99442, 99458.62, 99510
44: 99446, 99462.48, 99510
45: 99449, 99465.66, 99510
46: 99453, 99467.76, 99510
47: 99455, 99471.56, 99541
48: 99457, 99474.8, 99541
49: 99462, 99477.59, 99541
50: 99464, 99481.62, 99541
51: 99467, 99485.64, 99541
52: 99473, 99488.62, 99541
53: 99475, 99491.38, 99541
54: 99476, 99494.1, 99541
55: 99480, 99498.18, 99541
56: 99483, 99501.24, 99546
57: 99488, 99504, 99546
58: 99489, 99508.14, 99551
59: 99494, 99512.4, 99551
60: 99499, 99515.46, 99554
61: 99503, 99518.8, 99555
62: 99506, 99521, 99576
63: 99509, 99524.46, 99576
64: 99513, 99527.82, 99576
65: 99517, 99531.4, 99576
66: 99520, 99534.14, 99576
67: 99523, 99537.1, 99576
68: 99527, 99541.38, 99576
69: 99530, 99543.46, 99576
70: 99534, 99546.91, 99589
71: 99539, 99550.28, 99597
72: 99541, 99552.44, 99597
73: 99542, 99556.34, 99597
74: 99546, 99559.76, 99597
75: 99549, 99563.3, 99597
76: 99555, 99568.42, 99597
77: 99563, 99572.16, 99597
78: 99565, 99575.02, 99597
79: 99569, 99577.48, 99597
80: 99572, 99580.9, 99597
81: 99575, 99583.64, 99599
82: 99576, 99587.37, 99599
83: 99578, 99591.07, 99599
84: 99589, 99594.26, 99599
85: 99590, 99596.64, 99599
86: 99597, 99597.02, 99599
87: 99597, 99597.16, 99599
88: 99597, 99597.26, 99599
89: 99597, 99597.44, 99599
90: 99597, 99597.62, 99599
91: 99597, 99597.9, 99599
92: 99597, 99598.36, 99599
93: 99599, 99599.16, 99599
94: 99599, 99599.16, 99599
95: 99599, 99599.16, 99599
96: 99599, 99599.16, 99599
97: 99599, 99599.16, 99599
98: 99599, 99599.16, 99599
99: 99599, 99599.16, 99599
100: 99599, 99600.06, 99617
101: 99599, 99600.32, 99617
102: 99599, 99600.6, 99617
103: 99599, 99600.96, 99617
104: 99599, 99601.36, 99617
105: 99599, 99601.88, 99617
106: 99599, 99602.46, 99617
107: 99599, 99603.3, 99617
108: 99599, 99604.86, 99617
109: 99599, 99606.08, 99617
110: 99599, 99609.24, 99617
111: 99599, 99612.26, 99617
112: 99609, 99616.24, 99617
113: 99617, 99616.84, 99617
114: 99617, 99616.84, 99617
115: 99617, 99616.84, 99617
116: 99617, 99616.84, 99617
117: 99617, 99616.84, 99617
118: 99617, 99616.84, 99617
119: 99617, 99616.84, 99617
120: 99617, 99616.84, 99617
121: 99617, 99616.84, 99617
122: 99617, 99616.84, 99617
123: 99617, 99616.84, 99617
124: 99617, 99616.84, 99617
125: 99617, 99616.84, 99617
126: 99617, 99616.84, 99617
127: 99617, 99616.84, 99617
128: 99617, 99616.84, 99617
129: 99617, 99616.84, 99617
130: 99617, 99616.84, 99617
131: 99617, 99616.84, 99617
132: 99617, 99616.84, 99617
133: 99617, 99616.84, 99617
134: 99617, 99616.84, 99617
135: 99617, 99616.84, 99617
136: 99617, 99616.84, 99617
137: 99617, 99616.84, 99617
138: 99617, 99616.84, 99617
139: 99617, 99616.84, 99617
140: 99617, 99616.84, 99617
141: 99617, 99616.84, 99617
142: 99617, 99616.84, 99617
143: 99617, 99616.84, 99617
144: 99617, 99616.84, 99617
145: 99617, 99616.84, 99617
146: 99617, 99616.84, 99617
147: 99617, 99616.84, 99617
148: 99617, 99616.84, 99617
149: 99617, 99616.84, 99617
150: 99617, 99616.84, 99617
151: 99617, 99616.84, 99617
152: 99617, 99616.84, 99617
153: 99617, 99616.84, 99617
154: 99617, 99616.84, 99617
155: 99617, 99616.84, 99617
156: 99617, 99616.84, 99617
157: 99617, 99616.84, 99617
158: 99617, 99616.84, 99617
159: 99617, 99616.84, 99617
160: 99617, 99616.84, 99617
161: 99617, 99616.84, 99617
162: 99617, 99616.84, 99617
163: 99617, 99616.84, 99617
164: 99617, 99616.84, 99617
165: 99617, 99616.84, 99617
166: 99617, 99616.84, 99617
167: 99617, 99616.84, 99617
168: 99617, 99616.84, 99617
169: 99617, 99616.84, 99617
170: 99617, 99616.84, 99617
171: 99617, 99616.84, 99617
172: 99617, 99616.84, 99617
173: 99617, 99616.84, 99617
174: 99617, 99616.84, 99617
175: 99617, 99616.84, 99617
176: 99617, 99616.84, 99617
177: 99617, 99616.84, 99617
178: 99617, 99616.84, 99617
179: 99617, 99616.84, 99617
180: 99617, 99616.84, 99617
181: 99617, 99616.84, 99617
182: 99617, 99616.84, 99617
183: 99617, 99616.84, 99617
184: 99617, 99616.84, 99617
185: 99617, 99616.84, 99617
186: 99617, 99616.84, 99617
187: 99617, 99616.84, 99617
188: 99617, 99616.84, 99617
189: 99617, 99616.84, 99617
190: 99617, 99616.84, 99617
191: 99617, 99616.84, 99617
192: 99617, 99616.84, 99617
193: 99617, 99616.84, 99617
194: 99617, 99616.84, 99617
195: 99617, 99616.84, 99617
196: 99617, 99616.84, 99617
197: 99617, 99616.84, 99617
198: 99617, 99616.84, 99617
199: 99617, 99616.84, 99617
200: 99617, 99616.84, 99617
201: 99617, 99616.84, 99617
202: 99617, 99616.84, 99617
203: 99617, 99616.84, 99617
204: 99617, 99616.84, 99617
205: 99617, 99616.84, 99617
206: 99617, 99616.84, 99617
207: 99617, 99616.84, 99617
208: 99617, 99616.84, 99617
209: 99617, 99616.84, 99617
210: 99617, 99616.84, 99617
211: 99617, 99616.84, 99617
212: 99617, 99616.84, 99617
213: 99617, 99616.84, 99617
214: 99617, 99616.84, 99617
215: 99617, 99616.84, 99617
216: 99617, 99616.84, 99617
217: 99617, 99616.84, 99617
218: 99617, 99616.84, 99617
219: 99617, 99616.84, 99617
220: 99617, 99616.84, 99617
221: 99617, 99616.84, 99617
222: 99617, 99616.84, 99617
223: 99617, 99616.84, 99617
224: 99617, 99616.84, 99617
225: 99617, 99616.84, 99617
226: 99617, 99616.84, 99617
227: 99617, 99616.84, 99617
228: 99617, 99616.84, 99617
229: 99617, 99616.84, 99617
230: 99617, 99616.84, 99617
231: 99617, 99616.84, 99617
232: 99617, 99616.84, 99617
233: 99617, 99616.84, 99617
234: 99617, 99616.84, 99617
235: 99617, 99616.84, 99617
236: 99617, 99616.84, 99617
237: 99617, 99616.84, 99617
238: 99617, 99616.84, 99617
239: 99617, 99616.84, 99617
240: 99617, 99616.84, 99617
241: 99617, 99616.84, 99617
242: 99617, 99616.84, 99617
243: 99617, 99616.84, 99617
244: 99617, 99616.84, 99617
245: 99617, 99616.84, 99617
246: 99617, 99616.84, 99617
247: 99617, 99616.84, 99617
248: 99617, 99616.84, 99617
249: 99617, 99616.84, 99617
250: 99617, 99616.84, 99617
251: 99617, 99616.84, 99617
252: 99617, 99616.84, 99617
253: 99617, 99616.84, 99617
254: 99617, 99616.84, 99617
255: 99617, 99616.84, 99617
256: 99617, 99616.84, 99617
257: 99617, 99616.84, 99617
258: 99617, 99616.84, 99617
259: 99617, 99616.84, 99617
260: 99617, 99616.84, 99617
261: 99617, 99616.84, 99617
262: 99617, 99616.84, 99617
263: 99617, 99616.84, 99617
264: 99617, 99616.84, 99617
265: 99617, 99616.84, 99617
266: 99617, 99616.84, 99617
267: 99617, 99616.84, 99617
268: 99617, 99616.84, 99617
269: 99617, 99616.84, 99617
270: 99617, 99616.84, 99617
271: 99617, 99616.84, 99617
272: 99617, 99616.84, 99617
273: 99617, 99616.84, 99617
274: 99617, 99616.84, 99617
275: 99617, 99616.84, 99617
276: 99617, 99616.84, 99617
277: 99617, 99616.84, 99617
278: 99617, 99616.84, 99617
279: 99617, 99616.84, 99617
280: 99617, 99616.84, 99617
281: 99617, 99616.84, 99617
282: 99617, 99616.84, 99617
283: 99617, 99616.84, 99617
284: 99617, 99616.84, 99617
285: 99617, 99616.84, 99617
286: 99617, 99616.84, 99617
287: 99617, 99616.84, 99617
288: 99617, 99616.84, 99617
289: 99617, 99616.84, 99617
290: 99617, 99616.84, 99617
291: 99617, 99616.84, 99617
292: 99617, 99616.84, 99617
293: 99617, 99616.84, 99617
294: 99617, 99616.84, 99617
295: 99617, 99616.84, 99617
296: 99617, 99616.84, 99617
297: 99617, 99616.84, 99617
298: 99617, 99616.84, 99617
299: 99617, 99616.84, 99617
300: 99617, 99616.84, 99617
301: 99617, 99616.84, 99617
302: 99617, 99616.84, 99617
303: 99617, 99616.84, 99617
304: 99617, 99616.84, 99617
305: 99617, 99616.84, 99617
306: 99617, 99616.84, 99617
307: 99617, 99616.84, 99617
308: 99617, 99616.84, 99617
309: 99617, 99616.84, 99617
310: 99617, 99616.84, 99617
311: 99617, 99616.84, 99617
312: 99617, 99616.84, 99617
313: 99617, 99616.84, 99617
314: 99617, 99616.84, 99617
315: 99617, 99616.84, 99617
316: 99617, 99616.84, 99617
317: 99617, 99616.84, 99617
318: 99617, 99616.84, 99617
319: 99617, 99616.84, 99617
320: 99617, 99616.84, 99617
321: 99617, 99616.84, 99617
322: 99617, 99616.84, 99617
323: 99617, 99616.84, 99617
324: 99617, 99616.84, 99617
325: 99617, 99616.84, 99617
326: 99617, 99616.84, 99617
327: 99617, 99616.84, 99617
328: 99617, 99616.84, 99617
329: 99617, 99616.84, 99617
330: 99617, 99616.84, 99617
331: 99617, 99616.84, 99617
332: 99617, 99616.84, 99617
333: 99617, 99616.84, 99617
334: 99617, 99616.84, 99617
335: 99617, 99616.84, 99617
336: 99617, 99616.84, 99617
337: 99617, 99616.84, 99617
338: 99617, 99616.84, 99617
339: 99617, 99616.84, 99617
340: 99617, 99616.84, 99617
341: 99617, 99616.84, 99617
342: 99617, 99616.84, 99617
343: 99617, 99616.84, 99617
344: 99617, 99616.84, 99617
345: 99617, 99616.84, 99617
346: 99617, 99616.84, 99617
347: 99617, 99616.84, 99617
348: 99617, 99616.84, 99617
349: 99617, 99616.84, 99617
350: 99617, 99616.84, 99617
351: 99617, 99616.84, 99617
352: 99617, 99616.84, 99617
353: 99617, 99616.84, 99617
354: 99617, 99616.84, 99617
355: 99617, 99616.84, 99617
356: 99617, 99616.84, 99617
357: 99617, 99616.84, 99617
358: 99617, 99616.84, 99617
359: 99617, 99616.84, 99617
360: 99617, 99616.84, 99617
361: 99617, 99616.84, 99617
362: 99617, 99616.84, 99617
363: 99617, 99616.84, 99617
364: 99617, 99616.84, 99617
365: 99617, 99616.84, 99617
366: 99617, 99616.84, 99617
367: 99617, 99616.84, 99617
368: 99617, 99616.84, 99617
369: 99617, 99616.84, 99617
370: 99617, 99616.84, 99617
371: 99617, 99616.84, 99617
372: 99617, 99616.84, 99617
373: 99617, 99616.84, 99617
374: 99617, 99616.84, 99617
375: 99617, 99616.84, 99617
376: 99617, 99616.84, 99617
377: 99617, 99616.84, 99617
378: 99617, 99616.84, 99617
379: 99617, 99616.84, 99617
380: 99617, 99616.84, 99617
381: 99617, 99616.84, 99617
382: 99617, 99616.84, 99617
383: 99617, 99616.84, 99617
384: 99617, 99616.84, 99617
385: 99617, 99616.84, 99617
386: 99617, 99616.84, 99617
387: 99617, 99616.84, 99617
388: 99617, 99616.84, 99617
389: 99617, 99616.84, 99617
390: 99617, 99616.84, 99617
391: 99617, 99616.84, 99617
392: 99617, 99616.84, 99617
393: 99617, 99616.84, 99617
394: 99617, 99616.84, 99617
395: 99617, 99616.84, 99617
396: 99617, 99616.84, 99617
397: 99617, 99616.84, 99617
398: 99617, 99616.84, 99617
399: 99617, 99616.84, 99617
0: 97939, 98477.97, 99234
1: 98170, 98818.73, 99307
2: 99056, 99155.81, 99307
3: 99128, 99188.91, 99321
4: 99156, 99204.72, 99333
5: 99177, 99218.81, 99333
6: 99190, 99233.97, 99333
7: 99205, 99247.12, 99333
8: 99221, 99257.33, 99385
9: 99233, 99271.47, 99385
10: 99248, 99285.68, 99385
11: 99258, 99295.61, 99385
12: 99268, 99302.59, 99385
13: 99275, 99310.92, 99385
14: 99282, 99319.05, 99389
15: 99295, 99328.09, 99389
16: 99303, 99334.81, 99395
17: 99311, 99341.04, 99403
18: 99318, 99345.63, 99403
19: 99324, 99354.06, 99403
20: 99333, 99359.51, 99403
21: 99345, 99362.67, 99403
22: 99345, 99364.44, 99403
23: 99348, 99370.59, 99428
24: 99355, 99375.34, 99428
25: 99360, 99381.81, 99470
26: 99366, 99385.48, 99470
27: 99372, 99387.63, 99470
28: 99372, 99391.07, 99482
29: 99379, 99393.11, 99482
30: 99382, 99395.73, 99482
31: 99382, 99398.71, 99482
32: 99384, 99404.57, 99482
33: 99388, 99408.13, 99482
34: 99392, 99412.15, 99482
35: 99398, 99415.87, 99482
36: 99402, 99420.57, 99482
37: 99406, 99427.74, 99482
38: 99408, 99431.32, 99482
39: 99415, 99437.45, 99482
40: 99423, 99443.27, 99530
41: 99427, 99447.25, 99530
42: 99433, 99451.66, 99530
43: 99436, 99455.07, 99530
44: 99439, 99460.34, 99530
45: 99444, 99465.01, 99530
46: 99450, 99467.96, 99530
47: 99453, 99472.13, 99530
48: 99457, 99477.78, 99530
49: 99464, 99482.36, 99530
50: 99472, 99489.52, 99530
51: 99481, 99495.24, 99530
52: 99482, 99499.12, 99530
53: 99489, 99503.88, 99530
54: 99492, 99509.94, 99538
55: 99498, 99515.67, 99538
56: 99505, 99519.46, 99548
57: 99510, 99524.46, 99548
58: 99521, 99528.59, 99548
59: 99525, 99530.04, 99548
60: 99526, 99532.4, 99550
61: 99527, 99534.12, 99550
62: 99529, 99537.14, 99551
63: 99530, 99539.71, 99569
64: 99531, 99542.67, 99569
65: 99537, 99545.76, 99569
66: 99541, 99548.2, 99569
67: 99544, 99550.86, 99569
68: 99548, 99552.7, 99571
69: 99550, 99554.65, 99571
70: 99550, 99556.65, 99571
71: 99550, 99558.78, 99571
72: 99555, 99561.08, 99571
73: 99557, 99562.95, 99572
74: 99562, 99565.79, 99572
75: 99564, 99567.4, 99578
76: 99564, 99569.2, 99580
77: 99569, 99570.8, 99580
78: 99569, 99571.4, 99580
79: 99571, 99571.63, 99580
80: 99571, 99571.85, 99580
81: 99571, 99572.32, 99580
82: 99571, 99573.2, 99580
83: 99571, 99574.25, 99580
84: 99572, 99575.47, 99580
85: 99572, 99576.33, 99580
86: 99572, 99577.6, 99580
87: 99578, 99579.45, 99580
88: 99579, 99579.94, 99580
89: 99580, 99580, 99580
90: 99580, 99580, 99580
91: 99580, 99580, 99580
92: 99580, 99580, 99580
93: 99580, 99580, 99580
94: 99580, 99580, 99580
95: 99580, 99580, 99580
96: 99580, 99580, 99580
97: 99580, 99580, 99580
98: 99580, 99580, 99580
99: 99580, 99580, 99580
100: 99580, 99580, 99580
101: 99580, 99580, 99580
102: 99580, 99580, 99580
103: 99580, 99580, 99580
104: 99580, 99580, 99580
105: 99580, 99580, 99580
106: 99580, 99580, 99580
107: 99580, 99580, 99580
108: 99580, 99580, 99580
109: 99580, 99580, 99580
110: 99580, 99580, 99580
111: 99580, 99580, 99580
112: 99580, 99580, 99580
113: 99580, 99580, 99580
114: 99580, 99580, 99580
115: 99580, 99580, 99580
116: 99580, 99580, 99580
117: 99580, 99580, 99580
118: 99580, 99580, 99580
119: 99580, 99580, 99580
120: 99580, 99580, 99580
121: 99580, 99580, 99580
122: 99580, 99580, 99580
123: 99580, 99580, 99580
124: 99580, 99580, 99580
125: 99580, 99580, 99580
126: 99580, 99580, 99580
127: 99580, 99580, 99580
128: 99580, 99580, 99580
129: 99580, 99580, 99580
130: 99580, 99580, 99580
131: 99580, 99580, 99580
132: 99580, 99580, 99580
133: 99580, 99580, 99580
134: 99580, 99580, 99580
135: 99580, 99580, 99580
136: 99580, 99580, 99580
137: 99580, 99580, 99580
138: 99580, 99580, 99580
139: 99580, 99580, 99580
140: 99580, 99580, 99580
141: 99580, 99580, 99580
142: 99580, 99580, 99580
143: 99580, 99580, 99580
144: 99580, 99580, 99580
145: 99580, 99580, 99580
146: 99580, 99580, 99580
147: 99580, 99580, 99580
148: 99580, 99580, 99580
149: 99580, 99580, 99580
150: 99580, 99580, 99580
151: 99580, 99580, 99580
152: 99580, 99580, 99580
153: 99580, 99580, 99580
154: 99580, 99580, 99580
155: 99580, 99580, 99580
156: 99580, 99580, 99580
157: 99580, 99580, 99580
158: 99580, 99580, 99580
159: 99580, 99580, 99580
160: 99580, 99580, 99580
161: 99580, 99580, 99580
162: 99580, 99580, 99580
163: 99580, 99580, 99580
164: 99580, 99580, 99580
165: 99580, 99580, 99580
166: 99580, 99580, 99580
167: 99580, 99580, 99580
168: 99580, 99580, 99580
169: 99580, 99580, 99580
170: 99580, 99580, 99580
171: 99580, 99580, 99580
172: 99580, 99580, 99580
173: 99580, 99580, 99580
174: 99580, 99580, 99580
175: 99580, 99580, 99580
176: 99580, 99580, 99580
177: 99580, 99580, 99580
178: 99580, 99580, 99580
179: 99580, 99580, 99580
180: 99580, 99580, 99580
181: 99580, 99580, 99580
182: 99580, 99580, 99580
183: 99580, 99580, 99580
184: 99580, 99580, 99580
185: 99580, 99580, 99580
186: 99580, 99580, 99580
187: 99580, 99580, 99580
188: 99580, 99580, 99580
189: 99580, 99580, 99580
190: 99580, 99580, 99580
191: 99580, 99580, 99580
192: 99580, 99580, 99580
193: 99580, 99580, 99580
194: 99580, 99580, 99580
195: 99580, 99580, 99580
196: 99580, 99580, 99580
197: 99580, 99580, 99580
198: 99580, 99580, 99580
199: 99580, 99580, 99580
0: 97939, 98503.12, 99251
1: 98179, 98834.96, 99309
2: 99041, 99154.7, 99364
3: 99120, 99186.96, 99364
4: 99157, 99206.46, 99364
5: 99181, 99223.4, 99364
6: 99197, 99236.74, 99364
7: 99210, 99250.75, 99364
8: 99229, 99266.8, 99368
9: 99238, 99276.24, 99368
10: 99247, 99286.24, 99422
11: 99258, 99295.77, 99422
12: 99272, 99304.72, 99422
13: 99277, 99315.08, 99422
14: 99291, 99326.02, 99422
15: 99303, 99332.24, 99422
16: 99309, 99339.62, 99422
17: 99314, 99343.71, 99422
18: 99319, 99348.44, 99447
19: 99325, 99353.96, 99447
20: 99329, 99358.98, 99447
21: 99336, 99364.18, 99447
22: 99344, 99370.38, 99447
23: 99354, 99376.92, 99447
24: 99358, 99381.11, 99447
25: 99361, 99386.06, 99457
26: 99365, 99390.34, 99457
27: 99370, 99395.45, 99457
28: 99375, 99399.68, 99464
29: 99381, 99404.92, 99489
30: 99386, 99409.43, 99509
31: 99393, 99415.24, 99509
32: 99397, 99419.64, 99509
33: 99402, 99423.43, 99509
34: 99405, 99426.18, 99509
35: 99413, 99431.26, 99509
36: 99416, 99434.76, 99509
37: 99421, 99437.28, 99509
38: 99422, 99442.5, 99509
39: 99428, 99445, 99509
40: 99430, 99448.61, 99509
41: 99434, 99451.63, 99510
42: 99438, 99454.96, 99510
43: 99442, 99458.62, 99510
44: 99446, 99462.48, 99510
45: 99449, 99465.66, 99510
46: 99453, 99467.76, 99510
47: 99455, 99471.56, 99541
48: 99457, 99474.8, 99541
49: 99462, 99477.59, 99541
50: 99464, 99481.62, 99541
51: 99467, 99485.64, 99541
52: 99473, 99488.62, 99541
53: 99475, 99491.38, 99541
54: 99476, 99494.1, 99541
55: 99480, 99498.18, 99541
56: 99483, 99501.24, 99546
57: 99488, 99504, 99546
58: 99489, 99508.14, 99551
59: 99494, 99512.4, 99551
60: 99499, 99515.46, 99554
61: 99503, 99518.8, 99555
62: 99506, 99521, 99576
63: 99509, 99524.46, 99576
64: 99513, 99527.82, 99576
65: 99517, 99531.4, 99576
66: 99520, 99534.14, 99576
67: 99523, 99537.1, 99576
68: 99527, 99541.38, 99576
69: 99530, 99543.46, 99576
70: 99534, 99546.91, 99589
71: 99539, 99550.28, 99597
72: 99541, 99552.44, 99597
73: 99542, 99556.34, 99597
74: 99546, 99559.76, 99597
75: 99549, 99563.3, 99597
76: 99555, 99568.42, 99597
77: 99563, 99572.16, 99597
78: 99565, 99575.02, 99597
79: 99569, 99577.48, 99597
80: 99572, 99580.9, 99597
81: 99575, 99583.64, 99599
82: 99576, 99587.37, 99599
83: 99578, 99591.07, 99599
84: 99589, 99594.26, 99599
85: 99590, 99596.64, 99599
86: 99597, 99597.02, 99599
87: 99597, 99597.16, 99599
88: 99597, 99597.26, 99599
89: 99597, 99597.44, 99599
90: 99597, 99597.62, 99599
91: 99597, 99597.9, 99599
92: 99597, 99598.36, 99599
93: 99599, 99599.16, 99599
94: 99599, 99599.16, 99599
95: 99599, 99599.16, 99599
96: 99599, 99599.16, 99599
97: 99599, 99599.16, 99599
98: 99599, 99599.16, 99599
99: 99599, 99599.16, 99599
100: 99599, 99600.06, 99617
101: 99599, 99600.32, 99617
102: 99599, 99600.6, 99617
103: 99599, 99600.96, 99617
104: 99599, 99601.36, 99617
105: 99599, 99601.88, 99617
106: 99599, 99602.46, 99617
107: 99599, 99603.3, 99617
108: 99599, 99604.86, 99617
109: 99599, 99606.08, 99617
110: 99599, 99609.24, 99617
111: 99599, 99612.26, 99617
112: 99609, 99616.24, 99617
113: 99617, 99616.84, 99617
114: 99617, 99616.84, 99617
115: 99617, 99616.84, 99617
116: 99617, 99616.84, 99617
117: 99617, 99616.84, 99617
118: 99617, 99616.84, 99617
119: 99617, 99616.84, 99617
120: 99617, 99616.84, 99617
121: 99617, 99616.84, 99617
122: 99617, 99616.84, 99617
123: 99617, 99616.84, 99617
124: 99617, 99616.84, 99617
125: 99617, 99616.84, 99617
126: 99617, 99616.84, 99617
127: 99617, 99616.84, 99617
128: 99617, 99616.84, 99617
129: 99617, 99616.84, 99617
130: 99617, 99616.84, 99617
131: 99617, 99616.84, 99617
132: 99617, 99616.84, 99617
133: 99617, 99616.84, 99617
134: 99617, 99616.84, 99617
135: 99617, 99616.84, 99617
136: 99617, 99616.84, 99617
137: 99617, 99616.84, 99617
138: 99617, 99616.84, 99617
139: 99617, 99616.84, 99617
140: 99617, 99616.84, 99617
141: 99617, 99616.84, 99617
142: 99617, 99616.84, 99617
143: 99617, 99616.84, 99617
144: 99617, 99616.84, 99617
145: 99617, 99616.84, 99617
146: 99617, 99616.84, 99617
147: 99617, 99616.84, 99617
148: 99617, 99616.84, 99617
149: 99617, 99616.84, 99617
150: 99617, 99616.84, 99617
151: 99617, 99616.84, 99617
152: 99617, 99616.84, 99617
153: 99617, 99616.84, 99617
154: 99617, 99616.84, 99617
155: 99617, 99616.84, 99617
156: 99617, 99616.84, 99617
157: 99617, 99616.84, 99617
158: 99617, 99616.84, 99617
159: 99617, 99616.84, 99617
160: 99617, 99616.84, 99617
161: 99617, 99616.84, 99617
162: 99617, 99616.84, 99617
163: 99617, 99616.84, 99617
164: 99617, 99616.84, 99617
165: 99617, 99616.84, 99617
166: 99617, 99616.84, 99617
167: 99617, 99616.84, 99617
168: 99617, 99616.84, 99617
169: 99617, 99616.84, 99617
170: 99617, 99616.84, 99617
171: 99617, 99616.84, 99617
172: 99617, 99616.84, 99617
173: 99617, 99616.84, 99617
174: 99617, 99616.84, 99617
175: 99617, 99616.84, 99617
176: 99617, 99616.84, 99617
177: 99617, 99616.84, 99617
178: 99617, 99616.84, 99617
179: 99617, 99616.84, 99617
180: 99617, 99616.84, 99617
181: 99617, 99616.84, 99617
182: 99617, 99616.84, 99617
183: 99617, 99616.84, 99617
184: 99617, 99616.84, 99617
185: 99617, 99616.84, 99617
186: 99617, 99616.84, 99617
187: 99617, 99616.84, 99617
188: 99617, 99616.84, 99617
189: 99617, 99616.84, 99617
190: 99617, 99616.84, 99617
191: 99617, 99616.84, 99617
192: 99617, 99616.84, 99617
193: 99617, 99616.84, 99617
194: 99617, 99616.84, 99617
195: 99617, 99616.84, 99617
196: 99617, 99616.84, 99617
197: 99617, 99616.84, 99617
198: 99617, 99616.84, 99617
199: 99617, 99616.84, 99617
200: 99617, 99616.84, 99617
201: 99617, 99616.84, 99617
202: 99617, 99616.84, 99617
203: 99617, 99616.84, 99617
204: 99617, 99616.84, 99617
205: 99617, 99616.84, 99617
206: 99617, 99616.84, 99617
207: 99617, 99616.84, 99617
208: 99617, 99616.84, 99617
209: 99617, 99616.84, 99617
210: 99617, 99616.84, 99617
211: 99617, 99616.84, 99617
212: 99617, 99616.84, 99617
213: 99617, 99616.84, 99617
214: 99617, 99616.84, 99617
215: 99617, 99616.84, 99617
216: 99617, 99616.84, 99617
217: 99617, 99616.84, 99617
218: 99617, 99616.84, 99617
219: 99617, 99616.84, 99617
220: 99617, 99616.84, 99617
221: 99617, 99616.84, 99617
222: 99617, 99616.84, 99617
223: 99617, 99616.84, 99617
224: 99617, 99616.84, 99617
225: 99617, 99616.84, 99617
226: 99617, 99616.84, 99617
227: 99617, 99616.84, 99617
228: 99617, 99616.84, 99617
229: 99617, 99616.84, 99617
230: 99617, 99616.84, 99617
231: 99617, 99616.84, 99617
232: 99617, 99616.84, 99617
233: 99617, 99616.84, 99617
234: 99617, 99616.84, 99617
235: 99617, 99616.84, 99617
236: 99617, 99616.84, 99617
237: 99617, 99616.84, 99617
238: 99617, 99616.84, 99617
239: 99617, 99616.84, 99617
240: 99617, 99616.84, 99617
241: 99617, 99616.84, 99617
242: 99617, 99616.84, 99617
243: 99617, 99616.84, 99617
244: 99617, 99616.84, 99617
245: 99617, 99616.84, 99617
246: 99617, 99616.84, 99617
247: 99617, 99616.84, 99617
248: 99617, 99616.84, 99617
249: 99617, 99616.84, 99617
250: 99617, 99616.84, 99617
251: 99617, 99616.84, 99617
252: 99617, 99616.84, 99617
253: 99617, 99616.84, 99617
254: 99617, 99616.84, 99617
255: 99617, 99616.84, 99617
256: 99617, 99616.84, 99617
257: 99617, 99616.84, 99617
258: 99617, 99616.84, 99617
259: 99617, 99616.84, 99617
260: 99617, 99616.84, 99617
261: 99617, 99616.84, 99617
262: 99617, 99616.84, 99617
263: 99617, 99616.84, 99617
264: 99617, 99616.84, 99617
265: 99617, 99616.84, 99617
266: 99617, 99616.84, 99617
267: 99617, 99616.84, 99617
268: 99617, 99616.84, 99617
269: 99617, 99616.84, 99617
270: 99617, 99616.84, 99617
271: 99617, 99616.84, 99617
272: 99617, 99616.84, 99617
273: 99617, 99616.84, 99617
274: 99617, 99616.84, 99617
275: 99617, 99616.84, 99617
276: 99617, 99616.84, 99617
277: 99617, 99616.84, 99617
278: 99617, 99616.84, 99617
279: 99617, 99616.84, 99617
280: 99617, 99616.84, 99617
281: 99617, 99616.84, 99617
282: 99617, 99616.84, 99617
283: 99617, 99616.84, 99617
284: 99617, 99616.84, 99617
285: 99617, 99616.84, 99617
286: 99617, 99616.84, 99617
287: 99617, 99616.84, 99617
288: 99617, 99616.84, 99617
289: 99617, 99616.84, 99617
290: 99617, 99616.84, 99617
291: 99617, 99616.84, 99617
292: 99617, 99616.84, 99617
293: 99617, 99616.84, 99617
294: 99617, 99616.84, 99617
295: 99617, 99616.84, 99617
296: 99617, 99616.84, 99617
297: 99617, 99616.84, 99617
298: 99617, 99616.84, 99617
299: 99617, 99616.84, 99617
300: 99617, 99616.84, 99617
301: 99617, 99616.84, 99617
302: 99617, 99616.84, 99617
303: 99617, 99616.84, 99617
304: 99617, 99616.84, 99617
305: 99617, 99616.84, 99617
306: 99617, 99616.84, 99617
307: 99617, 99616.84, 99617
308: 99617, 99616.84, 99617
309: 99617, 99616.84, 99617
310: 99617, 99616.84, 99617
311: 99617, 99616.84, 99617
312: 99617, 99616.84, 99617
313: 99617, 99616.84, 99617
314: 99617, 99616.84, 99617
315: 99617, 99616.84, 99617
316: 99617, 99616.84, 99617
317: 99617, 99616.84, 99617
318: 99617, 99616.84, 99617
319: 99617, 99616.84, 99617
320: 99617, 99616.84, 99617
321: 99617, 99616.84, 99617
322: 99617, 99616.84, 99617
323: 99617, 99616.84, 99617
324: 99617, 99616.84, 99617
325: 99617, 99616.84, 99617
326: 99617, 99616.84, 99617
327: 99617, 99616.84, 99617
328: 99617, 99616.84, 99617
329: 99617, 99616.84, 99617
330: 99617, 99616.84, 99617
331: 99617, 99616.84, 99617
332: 99617, 99616.84, 99617
333: 99617, 99616.84, 99617
334: 99617, 99616.84, 99617
335: 99617, 99616.84, 99617
336: 99617, 99616.84, 99617
337: 99617, 99616.84, 99617
338: 99617, 99616.84, 99617
339: 99617, 99616.84, 99617
340: 99617, 99616.84, 99617
341: 99617, 99616.84, 99617
342: 99617, 99616.84, 99617
343: 99617, 99616.84, 99617
344: 99617, 99616.84, 99617
345: 99617, 99616.84, 99617
346: 99617, 99616.84, 99617
347: 99617, 99616.84, 99617
348: 99617, 99616.84, 99617
349: 99617, 99616.84, 99617
350: 99617, 99616.84, 99617
351: 99617, 99616.84, 99617
352: 99617, 99616.84, 99617
353: 99617, 99616.84, 99617
354: 99617, 99616.84, 99617
355: 99617, 99616.84, 99617
356: 99617, 99616.84, 99617
357: 99617, 99616.84, 99617
358: 99617, 99616.84, 99617
359: 99617, 99616.84, 99617
360: 99617, 99616.84, 99617
361: 99617, 99616.84, 99617
362: 99617, 99616.84, 99617
363: 99617, 99616.84, 99617
364: 99617, 99616.84, 99617
365: 99617, 99616.84, 99617
366: 99617, 99616.84, 99617
367: 99617, 99616.84, 99617
368: 99617, 99616.84, 99617
369: 99617, 99616.84, 99617
370: 99617, 99616.84, 99617
371: 99617, 99616.84, 99617
372: 99617, 99616.84, 99617
373: 99617, 99616.84, 99617
374: 99617, 99616.84, 99617
375: 99617, 99616.84, 99617
376: 99617, 99616.84, 99617
377: 99617, 99616.84, 99617
378: 99617, 99616.84, 99617
379: 99617, 99616.84, 99617
380: 99617, 99616.84, 99617
381: 99617, 99616.84, 99617
382: 99617, 99616.84, 99617
383: 99617, 99616.84, 99617
384: 99617, 99616.84, 99617
385: 99617, 99616.84, 99617
386: 99617, 99616.84, 99617
387: 99617, 99616.84, 99617
388: 99617, 99616.84, 99617
389: 99617, 99616.84, 99617
390: 99617, 99616.84, 99617
391: 99617, 99616.84, 99617
392: 99617, 99616.84, 99617
393: 99617, 99616.84, 99617
394: 99617, 99616.84, 99617
395: 99617, 99616.84, 99617
396: 99617, 99616.84, 99617
397: 99617, 99616.84, 99617
398: 99617, 99616.84, 99617
399: 99617, 99616.84, 99617
0: 97939, 98477.97, 99234
1: 98170, 98794.88, 99284
2: 99020, 99144.06, 99290
3: 99115, 99183.91, 99316
4: 99154, 99206.79, 99316
5: 99171, 99224.32, 99333
6: 99193, 99237.03, 99333
7: 99203, 99252.16, 99333
8: 99220, 99260.81, 99341
9: 99226, 99266.59, 99345
10: 99233, 99274.28, 99345
11: 99238, 99281.67, 99345
12: 99249, 99287.95, 99345
13: 99255, 99292.91, 99351
14: 99268, 99301.92, 99357
15: 99279, 99305.56, 99379
16: 99285, 99308.55, 99379
17: 99287, 99310.69, 99379
18: 99290, 99314.44, 99379
19: 99292, 99316.39, 99379
20: 99299, 99319.82, 99379
21: 99302, 99321.81, 99379
22: 99307, 99325.22, 99379
23: 99310, 99328.5, 99379
24: 99314, 99332.64, 99392
25: 99314, 99334.26, 99392
26: 99315, 99336.51, 99403
27: 99319, 99337.97, 99403
28: 99322, 99342.3, 99403
29: 99324, 99345.38, 99403
30: 99326, 99350.33, 99406
31: 99328, 99353.02, 99406
32: 99330, 99356.08, 99406
33: 99333, 99359.28, 99406
34: 99337, 99362.37, 99407
35: 99345, 99365.72, 99432
36: 99347, 99368.87, 99432
37: 99350, 99370.67, 99432
38: 99352, 99374.31, 99432
39: 99355, 99377.05, 99433
40: 99357, 99379.45, 99436
41: 99359, 99383.81, 99436
42: 99366, 99388.62, 99475
43: 99370, 99391.6, 99475
44: 99372, 99393.64, 99475
45: 99375, 99397.46, 99475
46: 99378, 99399.16, 99475
47: 99379, 99402.02, 99475
48: 99381, 99404.1, 99475
49: 99386, 99406.25, 99475
50: 99388, 99408.55, 99475
51: 99391, 99411.93, 99475
52: 99396, 99415.2, 99475
53: 99398, 99416.93, 99475
54: 99400, 99419.18, 99475
55: 99403, 99422.32, 99475
56: 99407, 99425.16, 99475
57: 99412, 99428.24, 99475
58: 99412, 99429.9, 99475
59: 99414, 99431.28, 99475
60: 99416, 99434.18, 99485
61: 99419, 99435.45, 99485
62: 99420, 99436.24, 99485
63: 99423, 99438.09, 99485
64: 99425, 99439.25, 99485
65: 99425, 99440.38, 99500
66: 99427, 99442.69, 99500
67: 99429, 99444.66, 99500
68: 99430, 99445.52, 99500
69: 99433, 99447.27, 99500
70: 99435, 99450.49, 99535
71: 99437, 99454.03, 99535
72: 99437, 99455.88, 99535
73: 99439, 99457.39, 99535
74: 99441, 99459.01, 99535
75: 99446, 99461.81, 99536
76: 99447, 99463.32, 99536
77: 99447, 99465.06, 99536
78: 99449, 99467.56, 99536
79: 99452, 99469.69, 99536
80: 99455, 99472.32, 99536
81: 99457, 99475.56, 99536
82: 99458, 99475.77, 99536
83: 99460, 99478.46, 99536
84: 99461, 99480.37, 99536
85: 99463, 99481.83, 99536
86: 99465, 99483.76, 99536
87: 99467, 99485.1, 99536
88: 99469, 99486.71, 99536
89: 99472, 99488.63, 99536
90: 99474, 99490.49, 99536
91: 99476, 99492.11, 99536
92: 99477, 99494.34, 99536
93: 99477, 99495.62, 99553
94: 99480, 99498.08, 99553
95: 99482, 99499.88, 99553
96: 99484, 99503.21, 99553
97: 99485, 99505.05, 99553
98: 99490, 99508.17, 99553
99: 99492, 99510.62, 99553
100: 99493, 99522.38, 99613
101: 99498, 99525.24, 99613
102: 99500, 99527.33, 99613
103: 99502, 99529.96, 99613
104: 99506, 99532.48, 99613
105: 99508, 99534.83, 99613
106: 99509, 99537.02, 99613
107: 99511, 99539.85, 99613
108: 99514, 99541.47, 99613
109: 99517, 99544.27, 99613
110: 99521, 99547.09, 99613
111: 99530, 99549.85, 99613
112: 99531, 99551.04, 99613
113: 99533, 99552.85, 99613
114: 99534, 99553.67, 99613
115: 99535, 99556.2, 99613
116: 99536, 99557.66, 99613
117: 99536, 99561.06, 99613
118: 99539, 99563.72, 99613
119: 99542, 99565.49, 99613
120: 99542, 99566.66, 99613
121: 99547, 99569.14, 99613
122: 99547, 99570.37, 99613
123: 99548, 99571.31, 99613
124: 99553, 99572.45, 99613
125: 99554, 99573.77, 99613
126: 99556, 99575.74, 99613
127: 99557, 99576.78, 99613
128: 99558, 99577.04, 99613
129: 99559, 99578.32, 99613
130: 99560, 99579.01, 99613
131: 99562, 99579.7, 99613
132: 99563, 99581.41, 99613
133: 99563, 99582.13, 99613
134: 99564, 99583.04, 99613
135: 99564, 99584.03, 99613
136: 99567, 99585.83, 99613
137: 99573, 99587.23, 99613
138: 99576, 99588.16, 99613
139: 99576, 99588.6, 99613
140: 99576, 99590.25, 99613
141: 99578, 99591.18, 99613
142: 99578, 99592.24, 99613
143: 99581, 99593.91, 99613
144: 99583, 99594.13, 99613
145: 99583, 99594.79, 99613
146: 99585, 99595.57, 99613
147: 99586, 99596, 99613
148: 99586, 99596.89, 99613
149: 99588, 99598.32, 99613
150: 99588, 99599.09, 99613
151: 99588, 99600.44, 99613
152: 99588, 99601.54, 99613
153: 99590, 99602.34, 99613
154: 99592, 99603.61, 99613
155: 99594, 99604.53, 99616
156: 99594, 99605.77, 99616
157: 99598, 99606.91, 99616
158: 99602, 99607.46, 99616
159: 99603, 99607.76, 99616
160: 99603, 99608.09, 99616
161: 99603, 99608.65, 99616
162: 99603, 99608.95, 99616
163: 99603, 99609.62, 99616
164: 99603, 99609.89, 99616
165: 99606, 99610.66, 99616
166: 99607, 99610.99, 99616
167: 99607, 99611.41, 99616
168: 99607, 99611.65, 99616
169: 99608, 99611.94, 99616
170: 99608, 99612.39, 99616
171: 99608, 99612.74, 99616
172: 99613, 99613.18, 99616
173: 99613, 99613.21, 99616
174: 99613, 99613.24, 99616
175: 99613, 99613.27, 99616
176: 99613, 99613.3, 99616
177: 99613, 99613.33, 99616
178: 99613, 99613.36, 99616
179: 99613, 99613.39, 99616
180: 99613, 99613.45, 99616
181: 99613, 99613.48, 99616
182: 99613, 99613.54, 99616
183: 99613, 99613.57, 99616
184: 99613, 99613.63, 99616
185: 99613, 99613.72, 99616
186: 99613, 99613.78, 99616
187: 99613, 99613.78, 99616
188: 99613, 99613.82, 99616
189: 99613, 99613.85, 99616
190: 99613, 99613.97, 99616
191: 99613, 99614.15, 99616
192: 99613, 99614.44, 99616
193: 99613, 99614.65, 99616
194: 99613, 99614.83, 99616
195: 99613, 99615.04, 99616
196: 99613, 99615.31, 99616
197: 99613, 99615.79, 99616
198: 99616, 99616, 99616
199: 99616, 99616, 99616
0: 97939, 98531.28, 99396
1: 98196, 98906.96, 99396
2: 99080, 99168.49, 99396
3: 99133, 99199.4, 99396
4: 99167, 99222.17, 99396
5: 99193, 99236.7, 99396
6: 99212, 99249.09, 99396
7: 99225, 99262.3, 99396
8: 99236, 99274.02, 99411
9: 99249, 99283.38, 99411
10: 99260, 99292.81, 99411
11: 99268, 99299.73, 99411
12: 99273, 99306.08, 99411
13: 99283, 99313.98, 99411
14: 99288, 99320.76, 99411
15: 99297, 99327.19, 99411
16: 99303, 99333.21, 99411
17: 99309, 99339.08, 99411
18: 99315, 99345.34, 99411
19: 99323, 99350.43, 99411
20: 99328, 99354.51, 99411
21: 99332, 99359.17, 99436
22: 99338, 99362.23, 99436
23: 99345, 99367.91, 99436
24: 99348, 99370.79, 99436
25: 99353, 99375.4, 99455
26: 99357, 99378.7, 99455
27: 99361, 99382.34, 99455
28: 99366, 99385.93, 99455
29: 99369, 99389.12, 99455
30: 99373, 99392.04, 99455
31: 99376, 99395.25, 99455
32: 99381, 99397.55, 99468
33: 99384, 99399.83, 99468
34: 99386, 99402.31, 99468
35: 99392, 99404.73, 99468
36: 99394, 99406.45, 99468
37: 99396, 99409.09, 99468
38: 99397, 99411.27, 99476
39: 99399, 99413, 99476
40: 99402, 99415.34, 99479
41: 99402, 99418.72, 99479
42: 99403, 99421.02, 99479
43: 99406, 99425.78, 99484
44: 99410, 99429.76, 99500
45: 99412, 99432.07, 99500
46: 99415, 99434.76, 99500
47: 99419, 99438.81, 99500
48: 99422, 99441.38, 99500
49: 99426, 99444.48, 99508
50: 99432, 99449.17, 99518
51: 99437, 99452.51, 99518
52: 99441, 99454.98, 99518
53: 99443, 99457.02, 99518
54: 99446, 99460.16, 99521
55: 99449, 99462.48, 99521
56: 99454, 99465.43, 99521
57: 99455, 99467.49, 99521
58: 99456, 99469.36, 99521
59: 99459, 99472.34, 99539
60: 99460, 99474.59, 99539
61: 99462, 99477.42, 99545
62: 99465, 99479.89, 99545
63: 99468, 99483.24, 99545
64: 99471, 99487.57, 99545
65: 99474, 99490.66, 99545
66: 99477, 99493.49, 99545
67: 99480, 99496.93, 99545
68: 99484, 99500.6, 99557
69: 99489, 99503.44, 99557
70: 99493, 99506.68, 99557
71: 99496, 99509.12, 99557
72: 99498, 99511.58, 99557
73: 99501, 99514.23, 99557
74: 99504, 99517.7, 99558
75: 99507, 99520.51, 99569
76: 99511, 99523.89, 99569
77: 99512, 99526.4, 99569
78: 99515, 99529.43, 99569
79: 99518, 99532.59, 99572
80: 99522, 99535.94, 99587
81: 99526, 99539.4, 99587
82: 99529, 99541.72, 99587
83: 99532, 99544.62, 99587
84: 99536, 99547.11, 99587
85: 99540, 99549.53, 99587
86: 99542, 99552.07, 99587
87: 99545, 99554.66, 99592
88: 99546, 99556.97, 99592
89: 99550, 99559.48, 99592
90: 99553, 99562.02, 99602
91: 99555, 99564.7, 99602
92: 99557, 99567.41, 99602
93: 99561, 99571.07, 99602
94: 99564, 99573.8, 99602
95: 99567, 99576.3, 99602
96: 99569, 99579.79, 99602
97: 99573, 99582.73, 99603
98: 99576, 99584.77, 99603
99: 99580, 99587.32, 99603
100: 99583, 99590.44, 99621
101: 99585, 99593.21, 99621
102: 99587, 99595.2, 99621
103: 99589, 99597.28, 99621
104: 99592, 99599.59, 99621
105: 99596, 99601.56, 99621
106: 99598, 99603.04, 99621
107: 99599, 99604.07, 99621
108: 99600, 99604.87, 99621
109: 99600, 99606.52, 99621
110: 99601, 99608.08, 99621
111: 99602, 99609.94, 99621
112: 99603, 99611.98, 99621
113: 99605, 99614.38, 99621
114: 99611, 99616.28, 99621
115: 99613, 99617.56, 99621
116: 99613, 99619.05, 99621
117: 99619, 99620.53, 99621
118: 99619, 99620.56, 99621
119: 99620, 99620.56, 99621
120: 99621, 99620.56, 99621
121: 99621, 99620.56, 99621
122: 99621, 99620.56, 99621
123: 99621, 99620.56, 99621
124: 99621, 99620.56, 99621
125: 99621, 99620.56, 99621
126: 99621, 99620.56, 99621
127: 99621, 99620.56, 99621
128: 99621, 99620.56, 99621
129: 99621, 99620.56, 99621
130: 99621, 99620.56, 99621
131: 99621, 99620.56, 99621
132: 99621, 99620.56, 99621
133: 99621, 99620.56, 99621
134: 99621, 99620.56, 99621
135: 99621, 99620.56, 99621
136: 99621, 99620.56, 99621
137: 99621, 99620.56, 99621
138: 99621, 99620.56, 99621
139: 99621, 99620.56, 99621
140: 99621, 99620.56, 99621
141: 99621, 99620.56, 99621
142: 99621, 99620.56, 99621
143: 99621, 99620.56, 99621
144: 99621, 99620.56, 99621
145: 99621, 99620.56, 99621
146: 99621, 99620.56, 99621
147: 99621, 99620.56, 99621
148: 99621, 99620.56, 99621
149: 99621, 99620.56, 99621
150: 99621, 99620.56, 99621
151: 99621, 99620.56, 99621
152: 99621, 99620.56, 99621
153: 99621, 99620.56, 99621
154: 99621, 99620.56, 99621
155: 99621, 99620.56, 99621
156: 99621, 99620.56, 99621
157: 99621, 99620.56, 99621
158: 99621, 99620.56, 99621
159: 99621, 99620.56, 99621
160: 99621, 99620.56, 99621
161: 99621, 99620.56, 99621
162: 99621, 99620.56, 99621
163: 99621, 99620.56, 99621
164: 99621, 99620.56, 99621
165: 99621, 99620.56, 99621
166: 99621, 99620.56, 99621
167: 99621, 99620.56, 99621
168: 99621, 99620.56, 99621
169: 99621, 99620.56, 99621
170: 99621, 99620.56, 99621
171: 99621, 99620.56, 99621
172: 99621, 99620.56, 99621
173: 99621, 99620.56, 99621
174: 99621, 99620.56, 99621
175: 99621, 99620.56, 99621
176: 99621, 99620.56, 99621
177: 99621, 99620.56, 99621
178: 99621, 99620.56, 99621
179: 99621, 99620.56, 99621
180: 99621, 99620.56, 99621
181: 99621, 99620.56, 99621
182: 99621, 99620.56, 99621
183: 99621, 99620.56, 99621
184: 99621, 99620.56, 99621
185: 99621, 99620.56, 99621
186: 99621, 99620.56, 99621
187: 99621, 99620.56, 99621
188: 99621, 99620.56, 99621
189: 99621, 99620.56, 99621
190: 99621, 99620.56, 99621
191: 99621, 99620.56, 99621
192: 99621, 99620.56, 99621
193: 99621, 99620.56, 99621
194: 99621, 99620.56, 99621
195: 99621, 99620.56, 99621
196: 99621, 99620.56, 99621
197: 99621, 99620.56, 99621
198: 99621, 99620.56, 99621
199: 99621, 99620.56, 99621
0: 97939, 98477.97, 99234
1: 98195, 98935.99, 99338
2: 99065, 99159.31, 99338
3: 99108, 99176.54, 99338
4: 99140, 99194.76, 99338
5: 99158, 99209.29, 99338
6: 99170, 99221.15, 99338
7: 99182, 99230.06, 99338
8: 99195, 99243.21, 99347
9: 99207, 99251.32, 99347
10: 99214, 99261.04, 99369
11: 99229, 99267.82, 99369
12: 99238, 99276.31, 99369
13: 99244, 99281.75, 99369
14: 99253, 99285.14, 99369
15: 99254, 99287.25, 99369
16: 99260, 99294.26, 99371
17: 99264, 99296.58, 99371
18: 99265, 99298.23, 99371
19: 99269, 99303.64, 99371
20: 99272, 99307.19, 99371
21: 99277, 99310.18, 99371
22: 99283, 99313.26, 99394
23: 99284, 99315.19, 99394
24: 99290, 99320.47, 99394
25: 99291, 99322.51, 99394
26: 99300, 99329.56, 99394
27: 99302, 99332.39, 99394
28: 99304, 99334.96, 99394
29: 99306, 99339.03, 99433
30: 99308, 99340.8, 99433
31: 99313, 99344.43, 99433
32: 99317, 99348.22, 99433
33: 99319, 99349.19, 99433
34: 99321, 99350.67, 99433
35: 99323, 99355.12, 99433
36: 99325, 99356.75, 99433
37: 99326, 99359.19, 99433
38: 99332, 99362.59, 99440
39: 99333, 99364.48, 99440
40: 99336, 99365.74, 99440
41: 99339, 99369.26, 99440
42: 99341, 99370.01, 99440
43: 99343, 99373.24, 99440
44: 99344, 99375.7, 99440
45: 99347, 99377.7, 99441
46: 99349, 99379.42, 99441
47: 99350, 99381.23, 99441
48: 99352, 99381.74, 99441
49: 99357, 99384.8, 99441
50: 99359, 99386.62, 99459
51: 99360, 99388.33, 99459
52: 99363, 99389.99, 99459
53: 99367, 99392.37, 99459
54: 99369, 99393.61, 99459
55: 99370, 99394.8, 99459
56: 99371, 99396.82, 99466
57: 99373, 99399.35, 99466
58: 99375, 99400, 99466
59: 99378, 99400.9, 99466
60: 99381, 99402.55, 99466
61: 99384, 99404.54, 99466
62: 99384, 99405.31, 99466
63: 99385, 99405.35, 99466
64: 99386, 99407.12, 99466
65: 99388, 99408.67, 99466
66: 99390, 99410.32, 99476
67: 99391, 99410.86, 99476
68: 99392, 99411.99, 99476
69: 99392, 99412.23, 99476
70: 99395, 99414.69, 99476
71: 99397, 99416.25, 99476
72: 99399, 99417.31, 99476
73: 99401, 99418.81, 99476
74: 99402, 99420, 99476
75: 99404, 99421.23, 99476
76: 99405, 99421.89, 99476
77: 99406, 99423.08, 99476
78: 99406, 99423.19, 99476
79: 99407, 99423.87, 99476
80: 99407, 99424.12, 99476
81: 99408, 99424.43, 99476
82: 99409, 99424.91, 99476
83: 99410, 99425.3, 99476
84: 99410, 99425.64, 99476
85: 99410, 99426.45, 99476
86: 99411, 99427.02, 99476
87: 99412, 99427.85, 99476
88: 99413, 99428.76, 99476
89: 99414, 99429.51, 99476
90: 99415, 99430.55, 99476
91: 99415, 99430.82, 99476
92: 99416, 99430.84, 99476
93: 99417, 99431.81, 99476
94: 99417, 99432.54, 99476
95: 99418, 99433.26, 99476
96: 99418, 99433.53, 99476
97: 99419, 99434.55, 99476
98: 99420, 99434.72, 99476
99: 99420, 99435.27, 99476
100: 99422, 99465.27, 99621
101: 99422, 99468.28, 99621
102: 99423, 99469.91, 99621
103: 99424, 99471.65, 99621
104: 99424, 99472.06, 99621
105: 99427, 99473.91, 99621
106: 99428, 99474.12, 99621
107: 99429, 99477.73, 99621
108: 99430, 99479.82, 99621
109: 99430, 99479.82, 99621
110: 99431, 99480.74, 99621
111: 99432, 99483.76, 99621
112: 99434, 99484.38, 99621
113: 99435, 99484.9, 99621
114: 99437, 99485.31, 99621
115: 99438, 99485.98, 99621
116: 99438, 99487.52, 99621
117: 99440, 99489.07, 99621
118: 99440, 99490.51, 99621
119: 99440, 99491.39, 99621
120: 99441, 99491.67, 99621
121: 99441, 99491.81, 99621
122: 99442, 99493.97, 99621
123: 99442, 99495.34, 99621
124: 99442, 99495.48, 99621
125: 99443, 99496.31, 99621
126: 99443, 99497.92, 99621
127: 99445, 99498.65, 99621
128: 99445, 99499.17, 99621
129: 99450, 99500.91, 99621
130: 99451, 99501.76, 99621
131: 99451, 99502.72, 99621
132: 99452, 99505.15, 99621
133: 99453, 99507.86, 99621
134: 99454, 99509.9, 99621
135: 99455, 99510.29, 99621
136: 99455, 99511.29, 99621
137: 99459, 99513.08, 99621
138: 99462, 99517.84, 99621
139: 99465, 99521.19, 99621
140: 99465, 99524.65, 99621
141: 99466, 99527.02, 99621
142: 99471, 99528.49, 99621
143: 99473, 99529.36, 99621
144: 99475, 99533.4, 99621
145: 99478, 99536.97, 99621
146: 99480, 99537.78, 99621
147: 99480, 99539, 99621
148: 99481, 99539.14, 99621
149: 99482, 99541.73, 99621
150: 99485, 99542.67, 99621
151: 99489, 99546.8, 99621
152: 99493, 99549.65, 99621
153: 99498, 99552.4, 99621
154: 99506, 99557.66, 99621
155: 99509, 99559.07, 99621
156: 99511, 99561.2, 99621
157: 99513, 99561.46, 99621
158: 99514, 99561.67, 99621
159: 99516, 99564.13, 99621
160: 99521, 99565.89, 99621
161: 99522, 99567.8, 99621
162: 99523, 99570.11, 99621
163: 99524, 99570.6, 99621
164: 99526, 99571.13, 99621
165: 99527, 99571.83, 99621
166: 99528, 99571.84, 99621
167: 99528, 99572.59, 99621
168: 99534, 99574.75, 99621
169: 99535, 99575.05, 99621
170: 99539, 99577.01, 99621
171: 99542, 99577.82, 99621
172: 99545, 99578.64, 99621
173: 99545, 99579.87, 99621
174: 99546, 99580.49, 99621
175: 99548, 99581, 99621
176: 99548, 99581.73, 99621
177: 99548, 99581.9, 99621
178: 99548, 99582.63, 99621
179: 99555, 99584.58, 99621
180: 99557, 99585.08, 99621
181: 99558, 99585.1, 99621
182: 99559, 99585.75, 99621
183: 99560, 99587.04, 99621
184: 99561, 99587.64, 99621
185: 99564, 99588.35, 99621
186: 99565, 99589.08, 99621
187: 99565, 99590.32, 99621
188: 99566, 99590.9, 99621
189: 99567, 99591.79, 99621
190: 99568, 99592.86, 99621
191: 99569, 99593.37, 99621
192: 99570, 99594.07, 99621
193: 99571, 99594.61, 99621
194: 99573, 99595.52, 99621
195: 99573, 99596.07, 99621
196: 99573, 99596.16, 99621
197: 99575, 99596.48, 99621
198: 99576, 99597.13, 99621
199: 99576, 99597.93, 99621
0: 91336, 92425.38, 93896
1: 92312, 92853.34, 93896
2: 92603, 93108.73, 93896
3: 92890, 93274.83, 93896
4: 93068, 93364.34, 94476
5: 93136, 93413.91, 94476
6: 93186, 93458.65, 94476
7: 93243, 93508.39, 94476
8: 93296, 93538.92, 94476
9: 93372, 93591.83, 94476
10: 93425, 93630.15, 94476
11: 93467, 93657.08, 94476
12: 93507, 93686.92, 94476
13: 93540, 93729.9, 94476
14: 93566, 93765.53, 94476
15: 93611, 93802.35, 94476
16: 93635, 93823.69, 94476
17: 93671, 93848.04, 94476
18: 93708, 93873.37, 94476
19: 93734, 93890.64, 94476
20: 93763, 93911.23, 94476
21: 93780, 93924.63, 94476
22: 93802, 93939.62, 94476
23: 93812, 93952.28, 94476
24: 93819, 93972.19, 94476
25: 93828, 93994.06, 94476
26: 93838, 94010.65, 94476
27: 93870, 94033.14, 94476
28: 93878, 94041.35, 94476
29: 93898, 94054.65, 94476
30: 93919, 94079.6, 94476
31: 93937, 94092.6, 94476
32: 93959, 94103.53, 94476
33: 93983, 94112.91, 94476
34: 94000, 94135.62, 94537
35: 94022, 94154.99, 94558
36: 94034, 94168.73, 94558
37: 94049, 94189.34, 94658
38: 94072, 94204.53, 94658
39: 94085, 94213.21, 94658
40: 94097, 94229.63, 94658
41: 94114, 94244.97, 94658
42: 94119, 94250.76, 94658
43: 94128, 94258.97, 94658
44: 94137, 94270.38, 94658
45: 94146, 94294.04, 94739
46: 94148, 94298.52, 94739
47: 94159, 94312.59, 94739
48: 94170, 94319.55, 94739
49: 94177, 94327, 94739
50: 94193, 94338.18, 94739
51: 94199, 94342.58, 94739
52: 94211, 94355.33, 94870
53: 94217, 94364.46, 94870
54: 94225, 94371.67, 94870
55: 94235, 94382.97, 94870
56: 94251, 94394.57, 94870
57: 94261, 94403.68, 94870
58: 94271, 94415.98, 94870
59: 94283, 94428.86, 94870
60: 94300, 94437.81, 94870
61: 94317, 94444.68, 94870
62: 94322, 94452.83, 94870
63: 94331, 94462.81, 94870
64: 94334, 94465.27, 94870
65: 94345, 94478.91, 94870
66: 94358, 94484.64, 94870
67: 94378, 94508.87, 94980
68: 94392, 94521.54, 94980
69: 94400, 94528.25, 94980
70: 94403, 94537.74, 94980
71: 94409, 94544.37, 94980
72: 94420, 94548.95, 94980
73: 94428, 94556.75, 94980
74: 94436, 94561.42, 94980
75: 94441, 94564.55, 94980
76: 94453, 94567.98, 94980
77: 94464, 94576.81, 94980
78: 94472, 94581.28, 94980
79: 94472, 94582.03, 94980
80: 94479, 94592.77, 94980
81: 94498, 94605.99, 94980
82: 94502, 94612.84, 94980
83: 94511, 94618.95, 94980
84: 94518, 94629.26, 94980
85: 94522, 94638.27, 94980
86: 94528, 94640.91, 94980
87: 94533, 94645.48, 94980
88: 94539, 94652.46, 94980
89: 94542, 94656.56, 94980
90: 94548, 94666.83, 94980
91: 94553, 94668.58, 94980
92: 94554, 94670.27, 94980
93: 94565, 94680.82, 95008
94: 94566, 94686.87, 95021
95: 94568, 94692.47, 95040
96: 94571, 94697.73, 95040
97: 94573, 94707.43, 95040
98: 94585, 94712.94, 95040
99: 94589, 94716.4, 95040
100: 94602, 94943.01, 98486
101: 94617, 95051.42, 98486
102: 94629, 95095.53, 98486
103: 94658, 95193.67, 98486
104: 94682, 95296.42, 98486
105: 94709, 95394.98, 98486
106: 94731, 95544.02, 98486
107: 94779, 95655, 98486
108: 94905, 95851.03, 98486
109: 95035, 95984.37, 98486
110: 95205, 96061.25, 98486
111: 95430, 96186.9, 98486
112: 95540, 96307.03, 98486
113: 95615, 96439.2, 98486
114: 95768, 96522.19, 98486
115: 95831, 96568.34, 98486
116: 95909, 96628.93, 98486
117: 96009, 96680.59, 98486
118: 96087, 96734.97, 98486
119: 96120, 96784.73, 98486
120: 96184, 96814.87, 98486
121: 96254, 96868.83, 98486
122: 96292, 96922.6, 98486
123: 96379, 97000.2, 98486
124: 96419, 97016.47, 98486
125: 96457, 97026.07, 98486
126: 96483, 97040.09, 98486
127: 96500, 97072.78, 98486
128: 96554, 97093.99, 98486
129: 96576, 97103.76, 98486
130: 96606, 97121.55, 98486
131: 96651, 97150.33, 98486
132: 96674, 97179.89, 98486
133: 96694, 97215.49, 98486
134: 96718, 97241.43, 98486
135: 96764, 97284.84, 98486
136: 96788, 97295.07, 98486
137: 96829, 97325.3, 98486
138: 96874, 97338.96, 98486
139: 96906, 97359.06, 98486
140: 96918, 97370.4, 98486
141: 96919, 97371.59, 98486
142: 96927, 97372.26, 98486
143: 96947, 97379.46, 98486
144: 96947, 97381.57, 98486
145: 96961, 97387.42, 98486
146: 96969, 97393.75, 98486
147: 96994, 97407.53, 98486
148: 97049, 97435.93, 98486
149: 97049, 97435.93, 98486
150: 97066, 97439.54, 98486
151: 97066, 97439.54, 98486
152: 97070, 97444.81, 98486
153: 97075, 97454.77, 98486
154: 97075, 97456.59, 98486
155: 97088, 97459.65, 98486
156: 97088, 97462.77, 98486
157: 97095, 97468.34, 98486
158: 97118, 97484.37, 98486
159: 97134, 97491.26, 98486
160: 97147, 97502.26, 98486
161: 97149, 97503.35, 98486
162: 97157, 97507.48, 98486
163: 97159, 97510.12, 98486
164: 97161, 97511.41, 98486
165: 97168, 97513.07, 98486
166: 97189, 97525.55, 98486
167: 97217, 97539.82, 98486
168: 97227, 97554.54, 98486
169: 97232, 97564.83, 98486
170: 97237, 97567.79, 98486
171: 97248, 97580.77, 98486
172: 97250, 97588.8, 98486
173: 97257, 97590.22, 98486
174: 97280, 97602.13, 98486
175: 97286, 97606.62, 98486
176: 97292, 97618.46, 98486
177: 97298, 97623.48, 98486
178: 97312, 97630.47, 98486
179: 97312, 97630.47, 98486
180: 97313, 97631.12, 98486
181: 97319, 97633.76, 98486
182: 97323, 97641.5, 98486
183: 97329, 97647.41, 98486
184: 97329, 97647.41, 98486
185: 97333, 97648.3, 98486
186: 97334, 97648.79, 98486
187: 97339, 97656.76, 98486
188: 97341, 97664.59, 98486
189: 97346, 97667.42, 98486
190: 97354, 97674.37, 98486
191: 97368, 97679.59, 98486
192: 97391, 97689.41, 98486
193: 97402, 97695.57, 98486
194: 97402, 97695.57, 98486
195: 97403, 97699.66, 98486
196: 97407, 97705.39, 98486
197: 97412, 97709.63, 98486
198: 97412, 97709.63, 98486
199: 97433, 97715.7, 98486
0: 91336, 92403.43, 94240
1: 92256, 92772.24, 94254
2: 92485, 92999.13, 94254
3: 92723, 93171.01, 94254
4: 92900, 93281.87, 94263
5: 93024, 93355.31, 94263
6: 93117, 93410.48, 94263
7: 93201, 93465.88, 94263
8: 93261, 93510.09, 94263
9: 93323, 93546.71, 94263
10: 93358, 93575.86, 94263
11: 93401, 93618.77, 94263
12: 93436, 93645.96, 94493
13: 93469, 93666.48, 94493
14: 93492, 93687.85, 94493
15: 93513, 93706.11, 94493
16: 93534, 93722.46, 94493
17: 93549, 93736.89, 94493
18: 93567, 93752.09, 94493
19: 93592, 93768.2, 94493
20: 93603, 93777.02, 94493
21: 93618, 93789.73, 94493
22: 93632, 93802.72, 94493
23: 93643, 93815.46, 94493
24: 93654, 93827.17, 94493
25: 93664, 93838.24, 94493
26: 93683, 93848.48, 94493
27: 93699, 93861.22, 94493
28: 93710, 93868.61, 94493
29: 93721, 93877.71, 94493
30: 93729, 93886.73, 94493
31: 93743, 93899.3, 94493
32: 93753, 93909.86, 94493
33: 93764, 93919.08, 94493
34: 93770, 93928.06, 94493
35: 93777, 93933.1, 94493
36: 93788, 93944.57, 94493
37: 93801, 93954.67, 94514
38: 93809, 93962.88, 94514
39: 93819, 93974.03, 94560
40: 93831, 93984.77, 94560
41: 93840, 93991.76, 94560
42: 93848, 93997.97, 94560
43: 93854, 94003.88, 94560
44: 93862, 94011.3, 94560
45: 93872, 94019.26, 94560
46: 93880, 94026.72, 94560
47: 93887, 94033.34, 94560
48: 93897, 94040.34, 94560
49: 93902, 94046.13, 94560
50: 93907, 94051.98, 94560
51: 93917, 94062.39, 94560
52: 93924, 94069.78, 94560
53: 93929, 94073.31, 94560
54: 93933, 94079.2, 94560
55: 93940, 94086.29, 94560
56: 93949, 94091.87, 94560
57: 93953, 94098.43, 94560
58: 93962, 94104.72, 94560
59: 93970, 94110.21, 94560
60: 93976, 94114.52, 94560
61: 93981, 94119.68, 94560
62: 93987, 94125.05, 94560
63: 93992, 94128.95, 94560
64: 94001, 94136.24, 94560
65: 94009, 94140.3, 94560
66: 94015, 94144.38, 94560
67: 94018, 94147.54, 94560
68: 94022, 94152.9, 94564
69: 94028, 94157.32, 94564
70: 94031, 94161.23, 94564
71: 94036, 94165.85, 94564
72: 94043, 94171.41, 94564
73: 94047, 94175.25, 94715
74: 94051, 94180.04, 94715
75: 94055, 94182.46, 94715
76: 94059, 94186.27, 94715
77: 94067, 94192.62, 94715
78: 94069, 94195.61, 94715
79: 94071, 94198.55, 94715
80: 94074, 94200.61, 94715
81: 94077, 94203.29, 94715
82: 94082, 94206.67, 94715
83: 94086, 94210.77, 94715
84: 94091, 94214.43, 94715
85: 94095, 94215.54, 94715
86: 94101, 94220.25, 94715
87: 94106, 94223.09, 94715
88: 94112, 94228.3, 94715
89: 94115, 94233.8, 94715
90: 94118, 94234.99, 94715
91: 94122, 94240.56, 94715
92: 94125, 94244.51, 94715
93: 94127, 94247.09, 94715
94: 94130, 94252.72, 94725
95: 94134, 94254.96, 94725
96: 94137, 94258.58, 94725
97: 94141, 94260.21, 94725
98: 94143, 94262.48, 94725
99: 94147, 94268.57, 94725
100: 94151, 94654.57, 98641
101: 94166, 94738.55, 98641
102: 94187, 94814.49, 98641
103: 94207, 94882.02, 98641
104: 94224, 94953.04, 98641
105: 94257, 95053.01, 98641
106: 94304, 95139.38, 98641
107: 94357, 95257.96, 98641
108: 94416, 95337.82, 98641
109: 94514, 95439.45, 98641
110: 94590, 95506.96, 98641
111: 94678, 95581.7, 98641
112: 94769, 95639.34, 98641
113: 94837, 95708.59, 98641
114: 94888, 95753.02, 98641
115: 94951, 95809.66, 98641
116: 95001, 95868.56, 98641
117: 95045, 95888.34, 98641
118: 95102, 95928.87, 98641
119: 95155, 95964.59, 98641
120: 95186, 95986.61, 98641
121: 95225, 96019.19, 98641
122: 95274, 96046.14, 98641
123: 95306, 96060.8, 98641
124: 95343, 96088.18, 98641
125: 95371, 96116.59, 98641
126: 95401, 96142.7, 98641
127: 95414, 96153.02, 98641
128: 95445, 96173.03, 98641
129: 95462, 96184.05, 98641
130: 95491, 96202.07, 98641
131: 95517, 96233.63, 98641
132: 95537, 96250.3, 98641
133: 95570, 96272.61, 98641
134: 95589, 96288.77, 98641
135: 95616, 96303.29, 98641
136: 95645, 96320.14, 98641
137: 95657, 96327.47, 98641
138: 95670, 96344.16, 98641
139: 95694, 96364.56, 98641
140: 95703, 96371.62, 98641
141: 95722, 96384.32, 98641
142: 95750, 96403.41, 98641
143: 95763, 96407.49, 98641
144: 95778, 96419.68, 98641
145: 95783, 96431.89, 98641
146: 95794, 96442.69, 98641
147: 95806, 96451.89, 98641
148: 95814, 96460.66, 98641
149: 95840, 96472.71, 98641
150: 95857, 96486.45, 98641
151: 95865, 96499.13, 98641
152: 95872, 96509.59, 98641
153: 95882, 96517.09, 98641
154: 95900, 96530.61, 98641
155: 95917, 96547.45, 98641
156: 95926, 96558.91, 98641
157: 95937, 96569.27, 98641
158: 95955, 96579.67, 98641
159: 95968, 96588.26, 98641
160: 95979, 96593.75, 98641
161: 95990, 96604.93, 98641
162: 95999, 96611.17, 98641
163: 96006, 96613.68, 98641
164: 96015, 96620.93, 98641
165: 96026, 96624.35, 98641
166: 96039, 96636.63, 98641
167: 96045, 96639.37, 98641
168: 96055, 96646.64, 98641
169: 96063, 96654.74, 98641
170: 96070, 96661.23, 98641
171: 96079, 96665.48, 98641
172: 96084, 96667.31, 98641
173: 96091, 96675.02, 98641
174: 96098, 96681.12, 98641
175: 96105, 96685.92, 98641
176: 96122, 96697.77, 98641
177: 96130, 96704.16, 98641
178: 96135, 96704.94, 98641
179: 96143, 96706.8, 98641
180: 96154, 96712.35, 98641
181: 96159, 96717.28, 98641
182: 96166, 96730.64, 98641
183: 96171, 96735.29, 98641
184: 96177, 96738.09, 98641
185: 96181, 96742.54, 98641
186: 96184, 96746.29, 98641
187: 96187, 96748.61, 98641
188: 96190, 96751.23, 98641
189: 96199, 96752.83, 98641
190: 96201, 96753.74, 98641
191: 96206, 96759.86, 98641
192: 96209, 96763.92, 98641
193: 96215, 96767.71, 98641
194: 96222, 96772.83, 98641
195: 96225, 96775.94, 98641
196: 96230, 96779.12, 98641
197: 96237, 96782.94, 98641
198: 96256, 96790.91, 98641
199: 96262, 96793.42, 98641
200: 96269, 96947.38, 98660
201: 96272, 96951.22, 98660
202: 96281, 96959.62, 98660
203: 96292, 96964.84, 98660
204: 96297, 96967.93, 98660
205: 96308, 96975.03, 98660
206: 96317, 96980.82, 98660
207: 96319, 96983.79, 98660
208: 96329, 96995.74, 98660
209: 96343, 97002.95, 98660
210: 96351, 97008.18, 98660
211: 96359, 97011.98, 98660
212: 96378, 97022.3, 98660
213: 96387, 97031.41, 98660
214: 96387, 97031.76, 98660
215: 96392, 97035.95, 98660
216: 96396, 97037.09, 98660
217: 96404, 97045.55, 98660
218: 96407, 97048.66, 98660
219: 96413, 97052.55, 98660
220: 96417, 97055.62, 98660
221: 96423, 97058.7, 98660
222: 96430, 97063.51, 98660
223: 96431, 97067.84, 98660
224: 96433, 97071.17, 98660
225: 96441, 97076.61, 98660
226: 96449, 97085.19, 98660
227: 96457, 97090.49, 98660
228: 96459, 97092.63, 98660
229: 96465, 97096.24, 98660
230: 96469, 97097.89, 98660
231: 96473, 97101.3, 98660
232: 96485, 97111.16, 98660
233: 96488, 97114.05, 98660
234: 96493, 97120.62, 98660
235: 96498, 97124.72, 98660
236: 96501, 97126.09, 98660
237: 96506, 97129.48, 98660
238: 96511, 97131.05, 98660
239: 96512, 97133.26, 98660
240: 96516, 97136.73, 98660
241: 96518, 97140.4, 98660
242: 96521, 97144.22, 98660
243: 96526, 97145.23, 98660
244: 96538, 97149.89, 98660
245: 96539, 97152.16, 98660
246: 96543, 97153.39, 98660
247: 96547, 97160.42, 98660
248: 96550, 97163.02, 98660
249: 96552, 97166.08, 98660
250: 96553, 97168.91, 98660
251: 96555, 97172.1, 98660
252: 96564, 97177.27, 98660
253: 96568, 97178.66, 98660
254: 96573, 97181.16, 98660
255: 96576, 97183.74, 98660
256: 96581, 97190.57, 98660
257: 96582, 97193.77, 98660
258: 96592, 97198.34, 98660
259: 96593, 97200.28, 98660
260: 96597, 97201.9, 98660
261: 96599, 97203.98, 98660
262: 96605, 97207.08, 98660
263: 96608, 97212.4, 98660
264: 96613, 97215.48, 98660
265: 96617, 97217.94, 98660
266: 96622, 97220.61, 98660
267: 96622, 97220.61, 98660
268: 96626, 97225.05, 98660
269: 96632, 97228.67, 98660
270: 96637, 97229.32, 98660
271: 96641, 97232.89, 98660
272: 96643, 97233.96, 98660
273: 96652, 97239, 98660
274: 96656, 97242.24, 98660
275: 96660, 97246.59, 98660
276: 96668, 97251.45, 98660
277: 96673, 97254.95, 98660
278: 96677, 97257.32, 98660
279: 96679, 97259.02, 98660
280: 96683, 97262.78, 98660
281: 96686, 97265.12, 98660
282: 96693, 97269.48, 98660
283: 96697, 97270.02, 98660
284: 96705, 97275.74, 98660
285: 96706, 97278.26, 98660
286: 96716, 97281.77, 98660
287: 96720, 97283.09, 98660
288: 96722, 97283.71, 98660
289: 96728, 97287.3, 98660
290: 96730, 97287.88, 98660
291: 96734, 97288.02, 98660
292: 96737, 97289.92, 98660
293: 96738, 97291.73, 98660
294: 96740, 97294.23, 98660
295: 96744, 97295.13, 98660
296: 96746, 97295.71, 98660
297: 96750, 97297.27, 98660
298: 96750, 97298.4, 98660
299: 96752, 97299.7, 98660
300: 96752, 97422.8, 98708
301: 96759, 97426.74, 98708
302: 96769, 97431.76, 98708
303: 96777, 97435.23, 98708
304: 96780, 97437.45, 98708
305: 96782, 97441.39, 98708
306: 96784, 97443.7, 98708
307: 96787, 97447.49, 98708
308: 96787, 97447.49, 98708
309: 96792, 97450.03, 98708
310: 96793, 97450.08, 98708
311: 96794, 97451.95, 98708
312: 96798, 97455.07, 98708
313: 96801, 97456.59, 98708
314: 96805, 97461.59, 98708
315: 96810, 97465.25, 98708
316: 96813, 97468.59, 98708
317: 96815, 97471.63, 98708
318: 96820, 97474.3, 98708
319: 96822, 97474.95, 98708
320: 96833, 97477.02, 98708
321: 96834, 97478.14, 98708
322: 96834, 97478.14, 98708
323: 96839, 97480.11, 98708
324: 96842, 97482.75, 98708
325: 96848, 97483.97, 98708
326: 96849, 97484.58, 98708
327: 96852, 97490.88, 98708
328: 96853, 97491.38, 98708
329: 96854, 97491.45, 98708
330: 96858, 97494.49, 98708
331: 96859, 97494.8, 98708
332: 96861, 97496.88, 98708
333: 96862, 97497.55, 98708
334: 96868, 97501.87, 98708
335: 96872, 97504.56, 98708
336: 96874, 97505.52, 98708
337: 96874, 97506.81, 98708
338: 96876, 97507.8, 98708
339: 96881, 97510.85, 98708
340: 96888, 97514.3, 98708
341: 96888, 97514.95, 98708
342: 96893, 97518.97, 98708
343: 96894, 97519.91, 98708
344: 96896, 97520.88, 98708
345: 96902, 97521.8, 98708
346: 96904, 97526.35, 98708
347: 96907, 97528.27, 98708
348: 96907, 97528.27, 98708
349: 96907, 97528.27, 98708
350: 96913, 97529.82, 98708
351: 96916, 97531.59, 98708
352: 96917, 97531.93, 98708
353: 96919, 97532.43, 98708
354: 96920, 97533.1, 98708
355: 96922, 97534.67, 98708
356: 96924, 97537.49, 98708
357: 96928, 97539.53, 98708
358: 96931, 97542.66, 98708
359: 96939, 97547.39, 98708
360: 96940, 97548.88, 98708
361: 96943, 97549.96, 98708
362: 96948, 97551.75, 98708
363: 96948, 97551.75, 98708
364: 96952, 97556.23, 98708
365: 96954, 97556.53, 98708
366: 96963, 97560.95, 98708
367: 96963, 97561.3, 98708
368: 96966, 97564.85, 98708
369: 96972, 97566.12, 98708
370: 96973, 97567.99, 98708
371: 96974, 97568.83, 98708
372: 96980, 97569.25, 98708
373: 96980, 97569.25, 98708
374: 96980, 97569.61, 98708
375: 96980, 97569.61, 98708
376: 96981, 97569.62, 98708
377: 96982, 97570.08, 98708
378: 96985, 97570.87, 98708
379: 96986, 97571.45, 98708
380: 96992, 97572.78, 98708
381: 96993, 97576.72, 98708
382: 96994, 97577.62, 98708
383: 97003, 97579.54, 98708
384: 97003, 97579.63, 98708
385: 97007, 97583.32, 98708
386: 97012, 97584.13, 98708
387: 97013, 97585.03, 98708
388: 97014, 97586.87, 98708
389: 97018, 97589.8, 98708
390: 97019, 97590.42, 98708
391: 97019, 97590.42, 98708
392: 97020, 97590.53, 98708
393: 97022, 97591.07, 98708
394: 97025, 97591.63, 98708
395: 97027, 97593.64, 98708
396: 97034, 97594.14, 98708
397: 97037, 97597.02, 98708
398: 97039, 97597.79, 98708
399: 97043, 97600.26, 98708
0: 91336, 92425.38, 93896
1: 92312, 92853.34, 93896
2: 92603, 93108.73, 93896
3: 92890, 93274.83, 93896
4: 93068, 93364.34, 94476
5: 93136, 93413.91, 94476
6: 93186, 93458.65, 94476
7: 93243, 93508.39, 94476
8: 93296, 93538.92, 94476
9: 93372, 93591.83, 94476
10: 93425, 93630.15, 94476
11: 93467, 93657.08, 94476
12: 93507, 93686.92, 94476
13: 93540, 93729.9, 94476
14: 93566, 93765.53, 94476
15: 93611, 93802.35, 94476
16: 93635, 93823.69, 94476
17: 93671, 93848.04, 94476
18: 93708, 93873.37, 94476
19: 93734, 93890.64, 94476
20: 93763, 93911.23, 94476
21: 93780, 93924.63, 94476
22: 93802, 93939.62, 94476
23: 93812, 93952.28, 94476
24: 93819, 93972.19, 94476
25: 93828, 93994.06, 94476
26: 93838, 94010.65, 94476
27: 93870, 94033.14, 94476
28: 93878, 94041.35, 94476
29: 93898, 94054.65, 94476
30: 93919, 94079.6, 94476
31: 93937, 94092.6, 94476
32: 93959, 94103.53, 94476
33: 93983, 94112.91, 94476
34: 94000, 94135.62, 94537
35: 94022, 94154.99, 94558
36: 94034, 94168.73, 94558
37: 94049, 94189.34, 94658
38: 94072, 94204.53, 94658
39: 94085, 94213.21, 94658
40: 94097, 94229.63, 94658
41: 94114, 94244.97, 94658
42: 94119, 94250.76, 94658
43: 94128, 94258.97, 94658
44: 94137, 94270.38, 94658
45: 94146, 94294.04, 94739
46: 94148, 94298.52, 94739
47: 94159, 94312.59, 94739
48: 94170, 94319.55, 94739
49: 94177, 94327, 94739
50: 94193, 94338.18, 94739
51: 94199, 94342.58, 94739
52: 94211, 94355.33, 94870
53: 94217, 94364.46, 94870
54: 94225, 94371.67, 94870
55: 94235, 94382.97, 94870
56: 94251, 94394.57, 94870
57: 94261, 94403.68, 94870
58: 94271, 94415.98, 94870
59: 94283, 94428.86, 94870
60: 94300, 94437.81, 94870
61: 94317, 94444.68, 94870
62: 94322, 94452.83, 94870
63: 94331, 94462.81, 94870
64: 94334, 94465.27, 94870
65: 94345, 94478.91, 94870
66: 94358, 94484.64, 94870
67: 94378, 94508.87, 94980
68: 94392, 94521.54, 94980
69: 94400, 94528.25, 94980
70: 94403, 94537.74, 94980
71: 94409, 94544.37, 94980
72: 94420, 94548.95, 94980
73: 94428, 94556.75, 94980
74: 94436, 94561.42, 94980
75: 94441, 94564.55, 94980
76: 94453, 94567.98, 94980
77: 94464, 94576.81, 94980
78: 94472, 94581.28, 94980
79: 94472, 94582.03, 94980
80: 94479, 94592.77, 94980
81: 94498, 94605.99, 94980
82: 94502, 94612.84, 94980
83: 94511, 94618.95, 94980
84: 94518, 94629.26, 94980
85: 94522, 94638.27, 94980
86: 94528, 94640.91, 94980
87: 94533, 94645.48, 94980
88: 94539, 94652.46, 94980
89: 94542, 94656.56, 94980
90: 94548, 94666.83, 94980
91: 94553, 94668.58, 94980
92: 94554, 94670.27, 94980
93: 94565, 94680.82, 95008
94: 94566, 94686.87, 95021
95: 94568, 94692.47, 95040
96: 94571, 94697.73, 95040
97: 94573, 94707.43, 95040
98: 94585, 94712.94, 95040
99: 94589, 94716.4, 95040
100: 94602, 94723.77, 95040
101: 94615, 94728.02, 95040
102: 94625, 94734.62, 95110
103: 94632, 94743.44, 95110
104: 94647, 94753.82, 95110
105: 94651, 94764.3, 95110
106: 94659, 94774.04, 95110
107: 94666, 94777.96, 95110
108: 94676, 94784.82, 95110
109: 94688, 94792.28, 95110
110: 94692, 94799.9, 95110
111: 94700, 94805.1, 95110
112: 94704, 94809.58, 95110
113: 94706, 94813.52, 95110
114: 94707, 94817.97, 95110
115: 94711, 94819.44, 95110
116: 94717, 94823.98, 95110
117: 94723, 94834.36, 95110
118: 94724, 94835.14, 95110
119: 94725, 94843.92, 95145
120: 94731, 94849.65, 95145
121: 94737, 94855.18, 95145
122: 94739, 94860.02, 95145
123: 94747, 94863.18, 95145
124: 94760, 94870.44, 95145
125: 94760, 94871.7, 95145
126: 94771, 94876.35, 95145
127: 94773, 94878.11, 95145
128: 94777, 94880.15, 95145
129: 94778, 94881.95, 95145
130: 94781, 94882.37, 95145
131: 94787, 94887.03, 95145
132: 94796, 94890.97, 95145
133: 94800, 94894.64, 95145
134: 94807, 94898.81, 95145
135: 94811, 94900.7, 95145
136: 94815, 94903.19, 95145
137: 94817, 94906.23, 95145
138: 94825, 94909.34, 95145
139: 94825, 94909.34, 95145
140: 94827, 94912.29, 95145
141: 94829, 94917.07, 95145
142: 94830, 94919.24, 95145
143: 94831, 94920.45, 95145
144: 94835, 94922.13, 95145
145: 94843, 94933.65, 95226
146: 94847, 94938.3, 95226
147: 94858, 94948.83, 95226
148: 94859, 94952, 95226
149: 94864, 94957.82, 95226
150: 94869, 94961.55, 95226
151: 94872, 94963.66, 95226
152: 94880, 94971.28, 95226
153: 94895, 94978.01, 95226
154: 94897, 94981.93, 95226
155: 94899, 94981.96, 95226
156: 94899, 94982.06, 95226
157: 94901, 94982.81, 95226
158: 94905, 94985.76, 95226
159: 94905, 94988.18, 95226
160: 94908, 94988.45, 95226
161: 94909, 94991.48, 95226
162: 94912, 94997.65, 95226
163: 94915, 94998.88, 95226
164: 94917, 95002.83, 95226
165: 94920, 95010.67, 95229
166: 94926, 95016.62, 95229
167: 94926, 95017, 95229
168: 94926, 95017, 95229
169: 94930, 95020.65, 95229
170: 94935, 95023.33, 95229
171: 94940, 95026.85, 95229
172: 94942, 95027.53, 95229
173: 94946, 95034.32, 95229
174: 94951, 95037.66, 95229
175: 94952, 95040.48, 95229
176: 94959, 95045.73, 95229
177: 94964, 95047.09, 95229
178: 94967, 95051.58, 95229
179: 94970, 95052.21, 95229
180: 94976, 95057.9, 95229
181: 94977, 95058.95, 95229
182: 94979, 95060.24, 95229
183: 94981, 95062.45, 95229
184: 94987, 95063.31, 95229
185: 94987, 95063.31, 95229
186: 94987, 95063.31, 95229
187: 94990, 95065.65, 95229
188: 94993, 95070.82, 95473
189: 94993, 95071.27, 95473
190: 94997, 95078.28, 95473
191: 95003, 95081.14, 95473
192: 95004, 95083.32, 95473
193: 95008, 95088.22, 95473
194: 95008, 95088.46, 95473
195: 95013, 95090.04, 95473
196: 95015, 95090.99, 95473
197: 95018, 95096.1, 95473
198: 95025, 95103.49, 95473
199: 95027, 95104.69, 95473
0: 97939, 98477.97, 99234
1: 98170, 98818.73, 99307
2: 99056, 99155.81, 99307
3: 99128, 99188.91, 99321
4: 99156, 99204.72, 99333
5: 99177, 99218.81, 99333
6: 99190, 99233.97, 99333
7: 99205, 99247.12, 99333
8: 99221, 99257.33, 99385
9: 99233, 99271.47, 99385
10: 99248, 99285.68, 99385
11: 99258, 99295.61, 99385
12: 99268, 99302.59, 99385
13: 99275, 99310.92, 99385
14: 99282, 99319.05, 99389
15: 99295, 99328.09, 99389
16: 99303, 99334.81, 99395
17: 99311, 99341.04, 99403
18: 99318, 99345.63, 99403
19: 99324, 99354.06, 99403
20: 99333, 99359.51, 99403
21: 99345, 99362.67, 99403
22: 99345, 99364.44, 99403
23: 99348, 99370.59, 99428
24: 99355, 99375.34, 99428
25: 99360, 99381.81, 99470
26: 99366, 99385.48, 99470
27: 99372, 99387.63, 99470
28: 99372, 99391.07, 99482
29: 99379, 99393.11, 99482
30: 99382, 99395.73, 99482
31: 99382, 99398.71, 99482
32: 99384, 99404.57, 99482
33: 99388, 99408.13, 99482
34: 99392, 99412.15, 99482
35: 99398, 99415.87, 99482
36: 99402, 99420.57, 99482
37: 99406, 99427.74, 99482
38: 99408, 99431.32, 99482
39: 99415, 99437.45, 99482
40: 99423, 99443.27, 99530
41: 99427, 99447.25, 99530
42: 99433, 99451.66, 99530
43: 99436, 99455.07, 99530
44: 99439, 99460.34, 99530
45: 99444, 99465.01, 99530
46: 99450, 99467.96, 99530
47: 99453, 99472.13, 99530
48: 99457, 99477.78, 99530
49: 99464, 99482.36, 99530
50: 99472, 99489.52, 99530
51: 99481, 99495.24, 99530
52: 99482, 99499.12, 99530
53: 99489, 99503.88, 99530
54: 99492, 99509.94, 99538
55: 99498, 99515.67, 99538
56: 99505, 99519.46, 99548
57: 99510, 99524.46, 99548
58: 99521, 99528.59, 99548
59: 99525, 99530.04, 99548
60: 99526, 99532.4, 99550
61: 99527, 99534.12, 99550
62: 99529, 99537.14, 99551
63: 99530, 99539.71, 99569
64: 99531, 99542.67, 99569
65: 99537, 99545.76, 99569
66: 99541, 99548.2, 99569
67: 99544, 99550.86, 99569
68: 99548, 99552.7, 99571
69: 99550, 99554.65, 99571
70: 99550, 99556.65, 99571
71: 99550, 99558.78, 99571
72: 99555, 99561.08, 99571
73: 99557, 99562.95, 99572
74: 99562, 99565.79, 99572
75: 99564, 99567.4, 99578
76: 99564, 99569.2, 99580
77: 99569, 99570.8, 99580
78: 99569, 99571.4, 99580
79: 99571, 99571.63, 99580
80: 99571, 99571.85, 99580
81: 99571, 99572.32, 99580
82: 99571, 99573.2, 99580
83: 99571, 99574.25, 99580
84: 99572, 99575.47, 99580
85: 99572, 99576.33, 99580
86: 99572, 99577.6, 99580
87: 99578, 99579.45, 99580
88: 99579, 99579.94, 99580
89: 99580, 99580, 99580
90: 99580, 99580, 99580
91: 99580, 99580, 99580
92: 99580, 99580, 99580
93: 99580, 99580, 99580
94: 99580, 99580, 99580
95: 99580, 99580, 99580
96: 99580, 99580, 99580
97: 99580, 99580, 99580
98: 99580, 99580, 99580
99: 99580, 99580, 99580
100: 99580, 99580, 99580
101: 99580, 99580, 99580
102: 99580, 99580, 99580
103: 99580, 99580, 99580
104: 99580, 99580, 99580
105: 99580, 99580, 99580
106: 99580, 99580, 99580
107: 99580, 99580, 99580
108: 99580, 99580, 99580
109: 99580, 99580, 99580
110: 99580, 99580, 99580
111: 99580, 99580, 99580
112: 99580, 99580, 99580
113: 99580, 99580, 99580
114: 99580, 99580, 99580
115: 99580, 99580, 99580
116: 99580, 99580, 99580
117: 99580, 99580, 99580
118: 99580, 99580, 99580
119: 99580, 99580, 99580
120: 99580, 99580, 99580
121: 99580, 99580, 99580
122: 99580, 99580, 99580
123: 99580, 99580, 99580
124: 99580, 99580, 99580
125: 99580, 99580, 99580
126: 99580, 99580, 99580
127: 99580, 99580, 99580
128: 99580, 99580, 99580
129: 99580, 99580, 99580
130: 99580, 99580, 99580
131: 99580, 99580, 99580
132: 99580, 99580, 99580
133: 99580, 99580, 99580
134: 99580, 99580, 99580
135: 99580, 99580, 99580
136: 99580, 99580, 99580
137: 99580, 99580, 99580
138: 99580, 99580, 99580
139: 99580, 99580, 99580
140: 99580, 99580, 99580
141: 99580, 99580, 99580
142: 99580, 99580, 99580
143: 99580, 99580, 99580
144: 99580, 99580, 99580
145: 99580, 99580, 99580
146: 99580, 99580, 99580
147: 99580, 99580, 99580
148: 99580, 99580, 99580
149: 99580, 99580, 99580
150: 99580, 99580, 99580
151: 99580, 99580, 99580
152: 99580, 99580, 99580
153: 99580, 99580, 99580
154: 99580, 99580, 99580
155: 99580, 99580, 99580
156: 99580, 99580, 99580
157: 99580, 99580, 99580
158: 99580, 99580, 99580
159: 99580, 99580, 99580
160: 99580, 99580, 99580
161: 99580, 99580, 99580
162: 99580, 99580, 99580
163: 99580, 99580, 99580
164: 99580, 99580, 99580
165: 99580, 99580, 99580
166: 99580, 99580, 99580
167: 99580, 99580, 99580
168: 99580, 99580, 99580
169: 99580, 99580, 99580
170: 99580, 99580, 99580
171: 99580, 99580, 99580
172: 99580, 99580, 99580
173: 99580, 99580, 99580
174: 99580, 99580, 99580
175: 99580, 99580, 99580
176: 99580, 99580, 99580
177: 99580, 99580, 99580
178: 99580, 99580, 99580
179: 99580, 99580, 99580
180: 99580, 99580, 99580
181: 99580, 99580, 99580
182: 99580, 99580, 99580
183: 99580, 99580, 99580
184: 99580, 99580, 99580
185: 99580, 99580, 99580
186: 99580, 99580, 99580
187: 99580, 99580, 99580
188: 99580, 99580, 99580
189: 99580, 99580, 99580
190: 99580, 99580, 99580
191: 99580, 99580, 99580
192: 99580, 99580, 99580
193: 99580, 99580, 99580
194: 99580, 99580, 99580
195: 99580, 99580, 99580
196: 99580, 99580, 99580
197: 99580, 99580, 99580
198: 99580, 99580, 99580
199: 99580, 99580, 99580
0: 91336, 92425.38, 93896
1: 92312, 92853.34, 93896
2: 92603, 93108.73, 93896
3: 92890, 93274.83, 93896
4: 93068, 93364.34, 94476
5: 93136, 93413.91, 94476
6: 93186, 93458.65, 94476
7: 93243, 93508.39, 94476
8: 93296, 93538.92, 94476
9: 93372, 93591.83, 94476
10: 93425, 93630.15, 94476
11: 93467, 93657.08, 94476
12: 93507, 93686.92, 94476
13: 93540, 93729.9, 94476
14: 93566, 93765.53, 94476
15: 93611, 93802.35, 94476
16: 93635, 93823.69, 94476
17: 93671, 93848.04, 94476
18: 93708, 93873.37, 94476
19: 93734, 93890.64, 94476
20: 93763, 93911.23, 94476
21: 93780, 93924.63, 94476
22: 93802, 93939.62, 94476
23: 93812, 93952.28, 94476
24: 93819, 93972.19, 94476
25: 93828, 93994.06, 94476
26: 93838, 94010.65, 94476
27: 93870, 94033.14, 94476
28: 93878, 94041.35, 94476
29: 93898, 94054.65, 94476
30: 93919, 94079.6, 94476
31: 93937, 94092.6, 94476
32: 93959, 94103.53, 94476
33: 93983, 94112.91, 94476
34: 94000, 94135.62, 94537
35: 94022, 94154.99, 94558
36: 94034, 94168.73, 94558
37: 94049, 94189.34, 94658
38: 94072, 94204.53, 94658
39: 94085, 94213.21, 94658
40: 94097, 94229.63, 94658
41: 94114, 94244.97, 94658
42: 94119, 94250.76, 94658
43: 94128, 94258.97, 94658
44: 94137, 94270.38, 94658
45: 94146, 94294.04, 94739
46: 94148, 94298.52, 94739
47: 94159, 94312.59, 94739
48: 94170, 94319.55, 94739
49: 94177, 94327, 94739
50: 94193, 94338.18, 94739
51: 94199, 94342.58, 94739
52: 94211, 94355.33, 94870
53: 94217, 94364.46, 94870
54: 94225, 94371.67, 94870
55: 94235, 94382.97, 94870
56: 94251, 94394.57, 94870
57: 94261, 94403.68, 94870
58: 94271, 94415.98, 94870
59: 94283, 94428.86, 94870
60: 94300, 94437.81, 94870
61: 94317, 94444.68, 94870
62: 94322, 94452.83, 94870
63: 94331, 94462.81, 94870
64: 94334, 94465.27, 94870
65: 94345, 94478.91, 94870
66: 94358, 94484.64, 94870
67: 94378, 94508.87, 94980
68: 94392, 94521.54, 94980
69: 94400, 94528.25, 94980
70: 94403, 94537.74, 94980
71: 94409, 94544.37, 94980
72: 94420, 94548.95, 94980
73: 94428, 94556.75, 94980
74: 94436, 94561.42, 94980
75: 94441, 94564.55, 94980
76: 94453, 94567.98, 94980
77: 94464, 94576.81, 94980
78: 94472, 94581.28, 94980
79: 94472, 94582.03, 94980
80: 94479, 94592.77, 94980
81: 94498, 94605.99, 94980
82: 94502, 94612.84, 94980
83: 94511, 94618.95, 94980
84: 94518, 94629.26, 94980
85: 94522, 94638.27, 94980
86: 94528, 94640.91, 94980
87: 94533, 94645.48, 94980
88: 94539, 94652.46, 94980
89: 94542, 94656.56, 94980
90: 94548, 94666.83, 94980
91: 94553, 94668.58, 94980
92: 94554, 94670.27, 94980
93: 94565, 94680.82, 95008
94: 94566, 94686.87, 95021
95: 94568, 94692.47, 95040
96: 94571, 94697.73, 95040
97: 94573, 94707.43, 95040
98: 94585, 94712.94, 95040
99: 94589, 94716.4, 95040
100: 94602, 94723.77, 95040
101: 94615, 94728.02, 95040
102: 94625, 94734.62, 95110
103: 94632, 94743.44, 95110
104: 94647, 94753.82, 95110
105: 94651, 94764.3, 95110
106: 94659, 94774.04, 95110
107: 94666, 94777.96, 95110
108: 94676, 94784.82, 95110
109: 94688, 94792.28, 95110
110: 94692, 94799.9, 95110
111: 94700, 94805.1, 95110
112: 94704, 94809.58, 95110
113: 94706, 94813.52, 95110
114: 94707, 94817.97, 95110
115: 94711, 94819.44, 95110
116: 94717, 94823.98, 95110
117: 94723, 94834.36, 95110
118: 94724, 94835.14, 95110
119: 94725, 94843.92, 95145
120: 94731, 94849.65, 95145
121: 94737, 94855.18, 95145
122: 94739, 94860.02, 95145
123: 94747, 94863.18, 95145
124: 94760, 94870.44, 95145
125: 94760, 94871.7, 95145
126: 94771, 94876.35, 95145
127: 94773, 94878.11, 95145
128: 94777, 94880.15, 95145
129: 94778, 94881.95, 95145
130: 94781, 94882.37, 95145
131: 94787, 94887.03, 95145
132: 94796, 94890.97, 95145
133: 94800, 94894.64, 95145
134: 94807, 94898.81, 95145
135: 94811, 94900.7, 95145
136: 94815, 94903.19, 95145
137: 94817, 94906.23, 95145
138: 94825, 94909.34, 95145
139: 94825, 94909.34, 95145
140: 94827, 94912.29, 95145
141: 94829, 94917.07, 95145
142: 94830, 94919.24, 95145
143: 94831, 94920.45, 95145
144: 94835, 94922.13, 95145
145: 94843, 94933.65, 95226
146: 94847, 94938.3, 95226
147: 94858, 94948.83, 95226
148: 94859, 94952, 95226
149: 94864, 94957.82, 95226
150: 94869, 94961.55, 95226
151: 94872, 94963.66, 95226
152: 94880, 94971.28, 95226
153: 94895, 94978.01, 95226
154: 94897, 94981.93, 95226
155: 94899, 94981.96, 95226
156: 94899, 94982.06, 95226
157: 94901, 94982.81, 95226
158: 94905, 94985.76, 95226
159: 94905, 94988.18, 95226
160: 94908, 94988.45, 95226
161: 94909, 94991.48, 95226
162: 94912, 94997.65, 95226
163: 94915, 94998.88, 95226
164: 94917, 95002.83, 95226
165: 94920, 95010.67, 95229
166: 94926, 95016.62, 95229
167: 94926, 95017, 95229
168: 94926, 95017, 95229
169: 94930, 95020.65, 95229
170: 94935, 95023.33, 95229
171: 94940, 95026.85, 95229
172: 94942, 95027.53, 95229
173: 94946, 95034.32, 95229
174: 94951, 95037.66, 95229
175: 94952, 95040.48, 95229
176: 94959, 95045.73, 95229
177: 94964, 95047.09, 95229
178: 94967, 95051.58, 95229
179: 94970, 95052.21, 95229
180: 94976, 95057.9, 95229
181: 94977, 95058.95, 95229
182: 94979, 95060.24, 95229
183: 94981, 95062.45, 95229
184: 94987, 95063.31, 95229
185: 94987, 95063.31, 95229
186: 94987, 95063.31, 95229
187: 94990, 95065.65, 95229
188: 94993, 95070.82, 95473
189: 94993, 95071.27, 95473
190: 94997, 95078.28, 95473
191: 95003, 95081.14, 95473
192: 95004, 95083.32, 95473
193: 95008, 95088.22, 95473
194: 95008, 95088.46, 95473
195: 95013, 95090.04, 95473
196: 95015, 95090.99, 95473
197: 95018, 95096.1, 95473
198: 95025, 95103.49, 95473
199: 95027, 95104.69, 95473
0: 91336, 92425.38, 93896
1: 92312, 92853.34, 93896
2: 92603, 93108.73, 93896
3: 92890, 93274.83, 93896
4: 93068, 93364.34, 94476
5: 93136, 93413.91, 94476
6: 93186, 93458.65, 94476
7: 93243, 93508.39, 94476
8: 93296, 93538.92, 94476
9: 93372, 93591.83, 94476
10: 93425, 93630.15, 94476
11: 93467, 93657.08, 94476
12: 93507, 93686.92, 94476
13: 93540, 93729.9, 94476
14: 93566, 93765.53, 94476
15: 93611, 93802.35, 94476
16: 93635, 93823.69, 94476
17: 93671, 93848.04, 94476
18: 93708, 93873.37, 94476
19: 93734, 93890.64, 94476
20: 93763, 93911.23, 94476
21: 93780, 93924.63, 94476
22: 93802, 93939.62, 94476
23: 93812, 93952.28, 94476
24: 93819, 93972.19, 94476
25: 93828, 93994.06, 94476
26: 93838, 94010.65, 94476
27: 93870, 94033.14, 94476
28: 93878, 94041.35, 94476
29: 93898, 94054.65, 94476
30: 93919, 94079.6, 94476
31: 93937, 94092.6, 94476
32: 93959, 94103.53, 94476
33: 93983, 94112.91, 94476
34: 94000, 94135.62, 94537
35: 94022, 94154.99, 94558
36: 94034, 94168.73, 94558
37: 94049, 94189.34, 94658
38: 94072, 94204.53, 94658
39: 94085, 94213.21, 94658
40: 94097, 94229.63, 94658
41: 94114, 94244.97, 94658
42: 94119, 94250.76, 94658
43: 94128, 94258.97, 94658
44: 94137, 94270.38, 94658
45: 94146, 94294.04, 94739
46: 94148, 94298.52, 94739
47: 94159, 94312.59, 94739
48: 94170, 94319.55, 94739
49: 94177, 94327, 94739
50: 94193, 94338.18, 94739
51: 94199, 94342.58, 94739
52: 94211, 94355.33, 94870
53: 94217, 94364.46, 94870
54: 94225, 94371.67, 94870
55: 94235, 94382.97, 94870
56: 94251, 94394.57, 94870
57: 94261, 94403.68, 94870
58: 94271, 94415.98, 94870
59: 94283, 94428.86, 94870
60: 94300, 94437.81, 94870
61: 94317, 94444.68, 94870
62: 94322, 94452.83, 94870
63: 94331, 94462.81, 94870
64: 94334, 94465.27, 94870
65: 94345, 94478.91, 94870
66: 94358, 94484.64, 94870
67: 94378, 94508.87, 94980
68: 94392, 94521.54, 94980
69: 94400, 94528.25, 94980
70: 94403, 94537.74, 94980
71: 94409, 94544.37, 94980
72: 94420, 94548.95, 94980
73: 94428, 94556.75, 94980
74: 94436, 94561.42, 94980
75: 94441, 94564.55, 94980
76: 94453, 94567.98, 94980
77: 94464, 94576.81, 94980
78: 94472, 94581.28, 94980
79: 94472, 94582.03, 94980
80: 94479, 94824.8, 98557
81: 94491, 94877.23, 98557
82: 94501, 94922.11, 98557
83: 94519, 94997.06, 98557
84: 94539, 95105.24, 98557
85: 94565, 95242.73, 98557
86: 94624, 95382.26, 98557
87: 94676, 95481.52, 98557
88: 94717, 95595.05, 98557
89: 94835, 95751.1, 98557
90: 95089, 95941.6, 98557
91: 95307, 96087.52, 98557
92: 95444, 96260.27, 98557
93: 95617, 96382.87, 98557
94: 95702, 96465.84, 98557
95: 95814, 96557.73, 98557
96: 95958, 96623.24, 98557
97: 96054, 96677.27, 98557
98: 96116, 96743.25, 98557
99: 96174, 96788.58, 98557
100: 96286, 96847.08, 98557
101: 96319, 96893.78, 98557
102: 96383, 96945.67, 98557
103: 96459, 96986.17, 98557
104: 96481, 97004.59, 98557
105: 96504, 97021.61, 98557
106: 96556, 97037.08, 98557
107: 96572, 97064.19, 98557
108: 96623, 97114.97, 98557
109: 96655, 97143.44, 98557
110: 96676, 97159.01, 98557
111: 96744, 97170.44, 98557
112: 96777, 97192.74, 98557
113: 96805, 97212.24, 98557
114: 96861, 97245.02, 98557
115: 96865, 97250.48, 98557
116: 96872, 97251.14, 98557
117: 96879, 97260.42, 98557
118: 96886, 97267.33, 98557
119: 96895, 97276.45, 98557
120: 96923, 97298.55, 98557
121: 96937, 97302.17, 98557
122: 96951, 97310.08, 98557
123: 96965, 97326.89, 98557
124: 96984, 97336.6, 98557
125: 97002, 97359.29, 98557
126: 97007, 97380.25, 98557
127: 97034, 97383.49, 98557
128: 97043, 97396.19, 98557
129: 97056, 97407.78, 98557
130: 97059, 97414.99, 98557
131: 97061, 97420.27, 98557
132: 97066, 97423.74, 98557
133: 97086, 97450.49, 98557
134: 97090, 97458.68, 98557
135: 97093, 97461.83, 98557
136: 97103, 97467.27, 98557
137: 97144, 97491.42, 98557
138: 97144, 97491.42, 98557
139: 97165, 97501.58, 98557
140: 97189, 97514.18, 98557
141: 97189, 97515.75, 98557
142: 97202, 97522.1, 98557
143: 97205, 97522.5, 98557
144: 97209, 97523.82, 98557
145: 97211, 97528.47, 98557
146: 97219, 97529.86, 98557
147: 97226, 97534.96, 98557
148: 97234, 97554.69, 98557
149: 97234, 97560.83, 98557
150: 97243, 97566.13, 98557
151: 97247, 97570.15, 98557
152: 97267, 97576.5, 98557
153: 97275, 97586.02, 98557
154: 97299, 97593.27, 98557
155: 97306, 97597.15, 98557
156: 97309, 97599.29, 98557
157: 97312, 97606.53, 98557
158: 97333, 97612.79, 98557
159: 97334, 97621.38, 98557
160: 97339, 97682.61, 98630
161: 97346, 97696, 98630
162: 97361, 97700.36, 98630
163: 97370, 97706.86, 98630
164: 97394, 97709.15, 98630
165: 97403, 97713.94, 98630
166: 97415, 97719.1, 98630
167: 97419, 97727.66, 98630
168: 97425, 97731.74, 98630
169: 97440, 97737.36, 98630
170: 97441, 97738.2, 98630
171: 97444, 97744.96, 98630
172: 97447, 97753.79, 98630
173: 97447, 97753.79, 98630
174: 97448, 97755.73, 98630
175: 97457, 97759.17, 98630
176: 97463, 97765.61, 98630
177: 97470, 97768.46, 98630
178: 97479, 97775.53, 98630
179: 97487, 97781.81, 98630
180: 97502, 97790.54, 98630
181: 97513, 97802.64, 98630
182: 97520, 97806.85, 98630
183: 97520, 97809.41, 98630
184: 97520, 97812.5, 98630
185: 97522, 97818.58, 98630
186: 97524, 97823.05, 98630
187: 97539, 97831.24, 98630
188: 97542, 97835.89, 98630
189: 97547, 97836.33, 98630
190: 97552, 97843.94, 98630
191: 97553, 97845.41, 98630
192: 97553, 97845.41, 98630
193: 97560, 97852.76, 98630
194: 97566, 97860.3, 98630
195: 97569, 97863.73, 98630
196: 97569, 97863.73, 98630
197: 97574, 97871.03, 98630
198: 97578, 97872.1, 98630
199: 97586, 97872.43, 98630
0: 97939, 98477.97, 99234
1: 98170, 98818.73, 99307
2: 99056, 99155.81, 99307
3: 99128, 99188.91, 99321
4: 99156, 99204.72, 99333
5: 99177, 99218.81, 99333
6: 99190, 99233.97, 99333
7: 99205, 99247.12, 99333
8: 99221, 99257.33, 99385
9: 99233, 99271.47, 99385
10: 99248, 99285.68, 99385
11: 99258, 99295.61, 99385
12: 99268, 99302.59, 99385
13: 99275, 99310.92, 99385
14: 99282, 99319.05, 99389
15: 99295, 99328.09, 99389
16: 99303, 99334.81, 99395
17: 99311, 99341.04, 99403
18: 99318, 99345.63, 99403
19: 99324, 99354.06, 99403
20: 99333, 99359.51, 99403
21: 99345, 99362.67, 99403
22: 99345, 99364.44, 99403
23: 99348, 99370.59, 99428
24: 99355, 99375.34, 99428
25: 99360, 99381.81, 99470
26: 99366, 99385.48, 99470
27: 99372, 99387.63, 99470
28: 99372, 99391.07, 99482
29: 99379, 99393.11, 99482
30: 99382, 99395.73, 99482
31: 99382, 99398.71, 99482
32: 99384, 99404.57, 99482
33: 99388, 99408.13, 99482
34: 99392, 99412.15, 99482
35: 99398, 99415.87, 99482
36: 99402, 99420.57, 99482
37: 99406, 99427.74, 99482
38: 99408, 99431.32, 99482
39: 99415, 99437.45, 99482
40: 99423, 99443.27, 99530
41: 99427, 99447.25, 99530
42: 99433, 99451.66, 99530
43: 99436, 99455.07, 99530
44: 99439, 99460.34, 99530
45: 99444, 99465.01, 99530
46: 99450, 99467.96, 99530
47: 99453, 99472.13, 99530
48: 99457, 99477.78, 99530
49: 99464, 99482.36, 99530
50: 99472, 99489.52, 99530
51: 99481, 99495.24, 99530
52: 99482, 99499.12, 99530
53: 99489, 99503.88, 99530
54: 99492, 99509.94, 99538
55: 99498, 99515.67, 99538
56: 99505, 99519.46, 99548
57: 99510, 99524.46, 99548
58: 99521, 99528.59, 99548
59: 99525, 99530.04, 99548
60: 99526, 99532.4, 99550
61: 99527, 99534.12, 99550
62: 99529, 99537.14, 99551
63: 99530, 99539.71, 99569
64: 99531, 99542.67, 99569
65: 99537, 99545.76, 99569
66: 99541, 99548.2, 99569
67: 99544, 99550.86, 99569
68: 99548, 99552.7, 99571
69: 99550, 99554.65, 99571
70: 99550, 99556.65, 99571
71: 99550, 99558.78, 99571
72: 99555, 99561.08, 99571
73: 99557, 99562.95, 99572
74: 99562, 99565.79, 99572
75: 99564, 99567.4, 99578
76: 99564, 99569.2, 99580
77: 99569, 99570.8, 99580
78: 99569, 99571.4, 99580
79: 99571, 99571.63, 99580
80: 99571, 99571.85, 99580
81: 99571, 99572.32, 99580
82: 99571, 99573.2, 99580
83: 99571, 99574.25, 99580
84: 99572, 99575.47, 99580
85: 99572, 99576.33, 99580
86: 99572, 99577.6, 99580
87: 99578, 99579.45, 99580
88: 99579, 99579.94, 99580
89: 99580, 99580, 99580
90: 99580, 99580, 99580
91: 99580, 99580, 99580
92: 99580, 99580, 99580
93: 99580, 99580, 99580
94: 99580, 99580, 99580
95: 99580, 99580, 99580
96: 99580, 99580, 99580
97: 99580, 99580, 99580
98: 99580, 99580, 99580
99: 99580, 99580, 99580
100: 99580, 99580, 99580
101: 99580, 99580, 99580
102: 99580, 99580, 99580
103: 99580, 99580, 99580
104: 99580, 99580, 99580
105: 99580, 99580, 99580
106: 99580, 99580, 99580
107: 99580, 99580, 99580
108: 99580, 99580, 99580
109: 99580, 99580, 99580
110: 99580, 99580, 99580
111: 99580, 99580, 99580
112: 99580, 99580, 99580
113: 99580, 99580, 99580
114: 99580, 99580, 99580
115: 99580, 99580, 99580
116: 99580, 99580, 99580
117: 99580, 99580, 99580
118: 99580, 99580, 99580
119: 99580, 99580, 99580
120: 99580, 99580, 99580
121: 99580, 99580, 99580
122: 99580, 99580, 99580
123: 99580, 99580, 99580
124: 99580, 99580, 99580
125: 99580, 99580, 99580
126: 99580, 99580, 99580
127: 99580, 99580, 99580
128: 99580, 99580, 99580
129: 99580, 99580, 99580
130: 99580, 99580, 99580
131: 99580, 99580, 99580
132: 99580, 99580, 99580
133: 99580, 99580, 99580
134: 99580, 99580, 99580
135: 99580, 99580, 99580
136: 99580, 99580, 99580
137: 99580, 99580, 99580
138: 99580, 99580, 99580
139: 99580, 99580, 99580
140: 99580, 99580, 99580
141: 99580, 99580, 99580
142: 99580, 99580, 99580
143: 99580, 99580, 99580
144: 99580, 99580, 99580
145: 99580, 99580, 99580
146: 99580, 99580, 99580
147: 99580, 99580, 99580
148: 99580, 99580, 99580
149: 99580, 99580, 99580
150: 99580, 99580, 99580
151: 99580, 99580, 99580
152: 99580, 99580, 99580
153: 99580, 99580, 99580
154: 99580, 99580, 99580
155: 99580, 99580, 99580
156: 99580, 99580, 99580
157: 99580, 99580, 99580
158: 99580, 99580, 99580
159: 99580, 99580, 99580
160: 99580, 99580, 99580
161: 99580, 99580, 99580
162: 99580, 99580, 99580
163: 99580, 99580, 99580
164: 99580, 99580, 99580
165: 99580, 99580, 99580
166: 99580, 99580, 99580
167: 99580, 99580, 99580
168: 99580, 99580, 99580
169: 99580, 99580, 99580
170: 99580, 99580, 99580
171: 99580, 99580, 99580
172: 99580, 99580, 99580
173: 99580, 99580, 99580
174: 99580, 99580, 99580
175: 99580, 99580, 99580
176: 99580, 99580, 99580
177: 99580, 99580, 99580
178: 99580, 99580, 99580
179: 99580, 99580, 99580
180: 99580, 99580, 99580
181: 99580, 99580, 99580
182: 99580, 99580, 99580
183: 99580, 99580, 99580
184: 99580, 99580, 99580
185: 99580, 99580, 99580
186: 99580, 99580, 99580
187: 99580, 99580, 99580
188: 99580, 99580, 99580
189: 99580, 99580, 99580
190: 99580, 99580, 99580
191: 99580, 99580, 99580
192: 99580, 99580, 99580
193: 99580, 99580, 99580
194: 99580, 99580, 99580
195: 99580, 99580, 99580
196: 99580, 99580, 99580
197: 99580, 99580, 99580
198: 99580, 99580, 99580
199: 99580, 99580, 99580
0: 97939, 98477.97, 99234
1: 98170, 98818.73, 99307
2: 99056, 99155.81, 99307
3: 99128, 99188.91, 99321
4: 99156, 99204.72, 99333
5: 99177, 99218.81, 99333
6: 99190, 99233.97, 99333
7: 99205, 99247.12, 99333
8: 99221, 99257.33, 99385
9: 99233, 99271.47, 99385
10: 99248, 99285.68, 99385
11: 99258, 99295.61, 99385
12: 99268, 99302.59, 99385
13: 99275, 99310.92, 99385
14: 99282, 99319.05, 99389
15: 99295, 99328.09, 99389
16: 99303, 99334.81, 99395
17: 99311, 99341.04, 99403
18: 99318, 99345.63, 99403
19: 99324, 99354.06, 99403
20: 99333, 99359.51, 99403
21: 99345, 99362.67, 99403
22: 99345, 99364.44, 99403
23: 99348, 99370.59, 99428
24: 99355, 99375.34, 99428
25: 99360, 99381.81, 99470
26: 99366, 99385.48, 99470
27: 99372, 99387.63, 99470
28: 99372, 99391.07, 99482
29: 99379, 99393.11, 99482
30: 99382, 99395.73, 99482
31: 99382, 99398.71, 99482
32: 99384, 99404.57, 99482
33: 99388, 99408.13, 99482
34: 99392, 99412.15, 99482
35: 99398, 99415.87, 99482
36: 99402, 99420.57, 99482
37: 99406, 99427.74, 99482
38: 99408, 99431.32, 99482
39: 99415, 99437.45, 99482
40: 99423, 99443.27, 99530
41: 99427, 99447.25, 99530
42: 99433, 99451.66, 99530
43: 99436, 99455.07, 99530
44: 99439, 99460.34, 99530
45: 99444, 99465.01, 99530
46: 99450, 99467.96, 99530
47: 99453, 99472.13, 99530
48: 99457, 99477.78, 99530
49: 99464, 99482.36, 99530
50: 99472, 99489.52, 99530
51: 99481, 99495.24, 99530
52: 99482, 99499.12, 99530
53: 99489, 99503.88, 99530
54: 99492, 99509.94, 99538
55: 99498, 99515.67, 99538
56: 99505, 99519.46, 99548
57: 99510, 99524.46, 99548
58: 99521, 99528.59, 99548
59: 99525, 99530.04, 99548
60: 99526, 99532.4, 99550
61: 99527, 99534.12, 99550
62: 99529, 99537.14, 99551
63: 99530, 99539.71, 99569
64: 99531, 99542.67, 99569
65: 99537, 99545.76, 99569
66: 99541, 99548.2, 99569
67: 99544, 99550.86, 99569
68: 99548, 99552.7, 99571
69: 99550, 99554.65, 99571
70: 99550, 99556.65, 99571
71: 99550, 99558.78, 99571
72: 99555, 99561.08, 99571
73: 99557, 99562.95, 99572
74: 99562, 99565.79, 99572
75: 99564, 99567.4, 99578
76: 99564, 99569.2, 99580
77: 99569, 99570.8, 99580
78: 99569, 99571.4, 99580
79: 99571, 99571.63, 99580
80: 99571, 99571.85, 99580
81: 99571, 99572.32, 99580
82: 99571, 99573.2, 99580
83: 99571, 99574.25, 99580
84: 99572, 99575.47, 99580
85: 99572, 99576.33, 99580
86: 99572, 99577.6, 99580
87: 99578, 99579.45, 99580
88: 99579, 99579.94, 99580
89: 99580, 99580, 99580
90: 99580, 99580, 99580
91: 99580, 99580, 99580
92: 99580, 99580, 99580
93: 99580, 99580, 99580
94: 99580, 99580, 99580
95: 99580, 99580, 99580
96: 99580, 99580, 99580
97: 99580, 99580, 99580
98: 99580, 99580, 99580
99: 99580, 99580, 99580
100: 99580, 99580, 99580
101: 99580, 99580, 99580
102: 99580, 99580, 99580
103: 99580, 99580, 99580
104: 99580, 99580, 99580
105: 99580, 99580, 99580
106: 99580, 99580, 99580
107: 99580, 99580, 99580
108: 99580, 99580, 99580
109: 99580, 99580, 99580
110: 99580, 99580, 99580
111: 99580, 99580, 99580
112: 99580, 99580, 99580
113: 99580, 99580, 99580
114: 99580, 99580, 99580
115: 99580, 99580, 99580
116: 99580, 99580, 99580
117: 99580, 99580, 99580
118: 99580, 99580, 99580
119: 99580, 99580, 99580
120: 99580, 99580, 99580
121: 99580, 99580, 99580
122: 99580, 99580, 99580
123: 99580, 99580, 99580
124: 99580, 99580, 99580
125: 99580, 99580, 99580
126: 99580, 99580, 99580
127: 99580, 99580, 99580
128: 99580, 99580, 99580
129: 99580, 99580, 99580
130: 99580, 99580, 99580
131: 99580, 99580, 99580
132: 99580, 99580, 99580
133: 99580, 99580, 99580
134: 99580, 99580, 99580
135: 99580, 99580, 99580
136: 99580, 99580, 99580
137: 99580, 99580, 99580
138: 99580, 99580, 99580
139: 99580, 99580, 99580
140: 99580, 99580, 99580
141: 99580, 99580, 99580
142: 99580, 99580, 99580
143: 99580, 99580, 99580
144: 99580, 99580, 99580
145: 99580, 99580, 99580
146: 99580, 99580, 99580
147: 99580, 99580, 99580
148: 99580, 99580, 99580
149: 99580, 99580, 99580
150: 99580, 99580, 99580
151: 99580, 99580, 99580
152: 99580, 99580, 99580
153: 99580, 99580, 99580
154: 99580, 99580, 99580
155: 99580, 99580, 99580
156: 99580, 99580, 99580
157: 99580, 99580, 99580
158: 99580, 99580, 99580
159: 99580, 99580, 99580
160: 99580, 99580, 99580
161: 99580, 99580, 99580
162: 99580, 99580, 99580
163: 99580, 99580, 99580
164: 99580, 99580, 99580
165: 99580, 99580, 99580
166: 99580, 99580, 99580
167: 99580, 99580, 99580
168: 99580, 99580, 99580
169: 99580, 99580, 99580
170: 99580, 99580, 99580
171: 99580, 99580, 99580
172: 99580, 99580, 99580
173: 99580, 99580, 99580
174: 99580, 99580, 99580
175: 99580, 99580, 99580
176: 99580, 99580, 99580
177: 99580, 99580, 99580
178: 99580, 99580, 99580
179: 99580, 99580, 99580
180: 99580, 99580, 99580
181: 99580, 99580, 99580
182: 99580, 99580, 99580
183: 99580, 99580, 99580
184: 99580, 99580, 99580
185: 99580, 99580, 99580
186: 99580, 99580, 99580
187: 99580, 99580, 99580
188: 99580, 99580, 99580
189: 99580, 99580, 99580
190: 99580, 99580, 99580
191: 99580, 99580, 99580
192: 99580, 99580, 99580
193: 99580, 99580, 99580
194: 99580, 99580, 99580
195: 99580, 99580, 99580
196: 99580, 99580, 99580
197: 99580, 99580, 99580
198: 99580, 99580, 99580
199: 99580, 99580, 99580
0: 96878, 97647.15, 98581
1: 97363, 98009.57, 98581
2: 98074, 98311.74, 98616
3: 98274, 98421.22, 98913
4: 98349, 98476.96, 98913
5: 98408, 98525.35, 98913
6: 98475, 98578.38, 98913
7: 98516, 98607.86, 98913
8: 98555, 98645.05, 98913
9: 98572, 98662.88, 98913
10: 98596, 98691.01, 98913
11: 98637, 98719.13, 98913
12: 98654, 98733.16, 98913
13: 98679, 98755.19, 98913
14: 98690, 98770.96, 98943
15: 98715, 98782.39, 98943
16: 98739, 98802.42, 98943
17: 98752, 98815.81, 98943
18: 98758, 98826.35, 98995
19: 98776, 98838.96, 98995
20: 98787, 98851.35, 99010
21: 98799, 98862.4, 99010
22: 98812, 98869.41, 99010
23: 98829, 98878.63, 99016
24: 98838, 98888.98, 99035
25: 98849, 98898.62, 99035
26: 98860, 98909.07, 99035
27: 98870, 98915.16, 99035
28: 98871, 98919.58, 99035
29: 98889, 98931.72, 99036
30: 98898, 98940.17, 99047
31: 98910, 98948.93, 99053
32: 98914, 98958.68, 99094
33: 98919, 98966.08, 99094
34: 98929, 98969.52, 99094
35: 98931, 98975.7, 99094
36: 98943, 98985.49, 99094
37: 98949, 98993.87, 99134
38: 98956, 99003.1, 99134
39: 98966, 99007.32, 99134
40: 98975, 99016.63, 99134
41: 98986, 99028.99, 99182
42: 99000, 99048.26, 99235
43: 99007, 99052.37, 99235
44: 99016, 99066.55, 99235
45: 99026, 99078.71, 99236
46: 99039, 99090.77, 99236
47: 99059, 99105.33, 99236
48: 99075, 99118.35, 99236
49: 99088, 99127.48, 99236
50: 99096, 99138.7, 99236
51: 99112, 99146.39, 99236
52: 99124, 99154.78, 99236
53: 99134, 99160.77, 99236
54: 99139, 99167.62, 99248
55: 99143, 99172.95, 99248
56: 99151, 99181.28, 99256
57: 99159, 99186.49, 99256
58: 99164, 99189.89, 99256
59: 99167, 99194.16, 99257
60: 99174, 99200.21, 99257
61: 99179, 99204.22, 99257
62: 99182, 99208.84, 99260
63: 99185, 99213, 99260
64: 99193, 99219.43, 99262
65: 99199, 99224.3, 99263
66: 99206, 99230.86, 99263
67: 99219, 99238.25, 99274
68: 99224, 99241.37, 99274
69: 99229, 99243.87, 99274
70: 99233, 99247.3, 99274
71: 99236, 99251.99, 99274
72: 99241, 99255.11, 99277
73: 99248, 99258.77, 99277
74: 99254, 99261.68, 99282
75: 99256, 99262.92, 99282
76: 99259, 99264.53, 99282
77: 99262, 99266.04, 99286
78: 99262, 99267.2, 99292
79: 99263, 99268.08, 99292
80: 99263, 99269.43, 99292
81: 99263, 99271.09, 99296
82: 99263, 99273.42, 99296
83: 99266, 99275.5, 99296
84: 99270, 99277.26, 99296
85: 99270, 99279.2, 99296
86: 99274, 99281.78, 99313
87: 99274, 99283.14, 99313
88: 99276, 99285.43, 99313
89: 99280, 99287.91, 99313
90: 99282, 99290.15, 99313
91: 99285, 99292.5, 99315
92: 99286, 99295.45, 99328
93: 99286, 99297.58, 99328
94: 99290, 99299.67, 99328
95: 99292, 99302.23, 99329
96: 99294, 99304.66, 99330
97: 99296, 99307.03, 99333
98: 99300, 99310.36, 99346
99: 99303, 99312.65, 99346
100: 99305, 99320.15, 99448
101: 99307, 99323.02, 99448
102: 99310, 99325.06, 99448
103: 99312, 99325.86, 99448
104: 99313, 99327.94, 99448
105: 99315, 99328.59, 99448
106: 99315, 99330.25, 99448
107: 99315, 99332.71, 99448
108: 99316, 99335.87, 99448
109: 99320, 99337.78, 99448
110: 99323, 99340.74, 99448
111: 99326, 99343.81, 99448
112: 99328, 99345.36, 99448
113: 99328, 99347.26, 99448
114: 99329, 99348.15, 99448
115: 99330, 99348.85, 99448
116: 99331, 99351.72, 99448
117: 99331, 99354.87, 99448
118: 99332, 99358.14, 99448
119: 99335, 99363.62, 99448
120: 99338, 99366.74, 99448
121: 99339, 99372.14, 99448
122: 99339, 99378.99, 99448
123: 99340, 99385.72, 99448
124: 99346, 99391.05, 99448
125: 99354, 99399.67, 99448
126: 99361, 99405.32, 99448
127: 99370, 99408.72, 99448
128: 99379, 99416.9, 99448
129: 99393, 99424.7, 99448
130: 99400, 99428.81, 99448
131: 99415, 99435.41, 99448
132: 99424, 99441.56, 99448
133: 99432, 99444.34, 99448
134: 99436, 99445.9, 99448
135: 99444, 99447.35, 99448
136: 99448, 99448, 99448
137: 99448, 99448, 99448
138: 99448, 99448, 99448
139: 99448, 99448, 99448
140: 99448, 99448, 99448
141: 99448, 99448, 99448
142: 99448, 99448, 99448
143: 99448, 99448, 99448
144: 99448, 99448, 99448
145: 99448, 99448, 99448
146: 99448, 99448, 99448
147: 99448, 99448, 99448
148: 99448, 99448, 99448
149: 99448, 99448, 99448
150: 99448, 99448, 99448
151: 99448, 99448, 99448
152: 99448, 99448, 99448
153: 99448, 99448, 99448
154: 99448, 99448, 99448
155: 99448, 99448, 99448
156: 99448, 99448, 99448
157: 99448, 99448, 99448
158: 99448, 99448, 99448
159: 99448, 99448, 99448
160: 99448, 99448, 99448
161: 99448, 99448, 99448
162: 99448, 99448, 99448
163: 99448, 99448, 99448
164: 99448, 99448, 99448
165: 99448, 99448, 99448
166: 99448, 99448, 99448
167: 99448, 99448, 99448
168: 99448, 99448, 99448
169: 99448, 99448, 99448
170: 99448, 99448, 99448
171: 99448, 99448, 99448
172: 99448, 99448, 99448
173: 99448, 99448, 99448
174: 99448, 99448, 99448
175: 99448, 99448, 99448
176: 99448, 99448, 99448
177: 99448, 99448, 99448
178: 99448, 99448, 99448
179: 99448, 99448, 99448
180: 99448, 99448, 99448
181: 99448, 99448, 99448
182: 99448, 99448, 99448
183: 99448, 99448, 99448
184: 99448, 99448, 99448
185: 99448, 99448, 99448
186: 99448, 99448, 99448
187: 99448, 99448, 99448
188: 99448, 99448, 99448
189: 99448, 99448, 99448
190: 99448, 99448, 99448
191: 99448, 99448, 99448
192: 99448, 99448, 99448
193: 99448, 99448, 99448
194: 99448, 99448, 99448
195: 99448, 99448, 99448
196: 99448, 99448, 99448
197: 99448, 99448, 99448
198: 99448, 99448, 99448
199: 99448, 99448, 99448
0: 97939, 98477.97, 99234
1: 98170, 98818.73, 99307
2: 99056, 99155.81, 99307
3: 99128, 99188.91, 99321
4: 99156, 99204.72, 99333
5: 99177, 99218.81, 99333
6: 99190, 99233.97, 99333
7: 99205, 99247.12, 99333
8: 99221, 99257.33, 99385
9: 99233, 99271.47, 99385
10: 99248, 99285.68, 99385
11: 99258, 99295.61, 99385
12: 99268, 99302.59, 99385
13: 99275, 99310.92, 99385
14: 99282, 99319.05, 99389
15: 99295, 99328.09, 99389
16: 99303, 99334.81, 99395
17: 99311, 99341.04, 99403
18: 99318, 99345.63, 99403
19: 99324, 99354.06, 99403
20: 99333, 99359.51, 99403
21: 99345, 99362.67, 99403
22: 99345, 99364.44, 99403
23: 99348, 99370.59, 99428
24: 99355, 99375.34, 99428
25: 99360, 99381.81, 99470
26: 99366, 99385.48, 99470
27: 99372, 99387.63, 99470
28: 99372, 99391.07, 99482
29: 99379, 99393.11, 99482
30: 99382, 99395.73, 99482
31: 99382, 99398.71, 99482
32: 99384, 99404.57, 99482
33: 99388, 99408.13, 99482
34: 99392, 99412.15, 99482
35: 99398, 99415.87, 99482
36: 99402, 99420.57, 99482
37: 99406, 99427.74, 99482
38: 99408, 99431.32, 99482
39: 99415, 99437.45, 99482
40: 99423, 99443.27, 99530
41: 99427, 99447.25, 99530
42: 99433, 99451.66, 99530
43: 99436, 99455.07, 99530
44: 99439, 99460.34, 99530
45: 99444, 99465.01, 99530
46: 99450, 99467.96, 99530
47: 99453, 99472.13, 99530
48: 99457, 99477.78, 99530
49: 99464, 99482.36, 99530
50: 99472, 99489.52, 99530
51: 99481, 99495.24, 99530
52: 99482, 99499.12, 99530
53: 99489, 99503.88, 99530
54: 99492, 99509.94, 99538
55: 99498, 99515.67, 99538
56: 99505, 99519.46, 99548
57: 99510, 99524.46, 99548
58: 99521, 99528.59, 99548
59: 99525, 99530.04, 99548
60: 99526, 99532.4, 99550
61: 99527, 99534.12, 99550
62: 99529, 99537.14, 99551
63: 99530, 99539.71, 99569
64: 99531, 99542.67, 99569
65: 99537, 99545.76, 99569
66: 99541, 99548.2, 99569
67: 99544, 99550.86, 99569
68: 99548, 99552.7, 99571
69: 99550, 99554.65, 99571
70: 99550, 99556.65, 99571
71: 99550, 99558.78, 99571
72: 99555, 99561.08, 99571
73: 99557, 99562.95, 99572
74: 99562, 99565.79, 99572
75: 99564, 99567.4, 99578
76: 99564, 99569.2, 99580
77: 99569, 99570.8, 99580
78: 99569, 99571.4, 99580
79: 99571, 99571.63, 99580
80: 99571, 99571.85, 99580
81: 99571, 99572.32, 99580
82: 99571, 99573.2, 99580
83: 99571, 99574.25, 99580
84: 99572, 99575.47, 99580
85: 99572, 99576.33, 99580
86: 99572, 99577.6, 99580
87: 99578, 99579.45, 99580
88: 99579, 99579.94, 99580
89: 99580, 99580, 99580
90: 99580, 99580, 99580
91: 99580, 99580, 99580
92: 99580, 99580, 99580
93: 99580, 99580, 99580
94: 99580, 99580, 99580
95: 99580, 99580, 99580
96: 99580, 99580, 99580
97: 99580, 99580, 99580
98: 99580, 99580, 99580
99: 99580, 99580, 99580
100: 99580, 99580, 99580
101: 99580, 99580, 99580
102: 99580, 99580, 99580
103: 99580, 99580, 99580
104: 99580, 99580, 99580
105: 99580, 99580, 99580
106: 99580, 99580, 99580
107: 99580, 99580, 99580
108: 99580, 99580, 99580
109: 99580, 99580, 99580
110: 99580, 99580, 99580
111: 99580, 99580, 99580
112: 99580, 99580, 99580
113: 99580, 99580, 99580
114: 99580, 99580, 99580
115: 99580, 99580, 99580
116: 99580, 99580, 99580
117: 99580, 99580, 99580
118: 99580, 99580, 99580
119: 99580, 99580, 99580
120: 99580, 99580, 99580
121: 99580, 99580, 99580
122: 99580, 99580, 99580
123: 99580, 99580, 99580
124: 99580, 99580, 99580
125: 99580, 99580, 99580
126: 99580, 99580, 99580
127: 99580, 99580, 99580
128: 99580, 99580, 99580
129: 99580, 99580, 99580
130: 99580, 99580, 99580
131: 99580, 99580, 99580
132: 99580, 99580, 99580
133: 99580, 99580, 99580
134: 99580, 99580, 99580
135: 99580, 99580, 99580
136: 99580, 99580, 99580
137: 99580, 99580, 99580
138: 99580, 99580, 99580
139: 99580, 99580, 99580
140: 99580, 99580, 99580
141: 99580, 99580, 99580
142: 99580, 99580, 99580
143: 99580, 99580, 99580
144: 99580, 99580, 99580
145: 99580, 99580, 99580
146: 99580, 99580, 99580
147: 99580, 99580, 99580
148: 99580, 99580, 99580
149: 99580, 99580, 99580
150: 99580, 99580, 99580
151: 99580, 99580, 99580
152: 99580, 99580, 99580
153: 99580, 99580, 99580
154: 99580, 99580, 99580
155: 99580, 99580, 99580
156: 99580, 99580, 99580
157: 99580, 99580, 99580
158: 99580, 99580, 99580
159: 99580, 99580, 99580
160: 99580, 99580, 99580
161: 99580, 99580, 99580
162: 99580, 99580, 99580
163: 99580, 99580, 99580
164: 99580, 99580, 99580
165: 99580, 99580, 99580
166: 99580, 99580, 99580
167: 99580, 99580, 99580
168: 99580, 99580, 99580
169: 99580, 99580, 99580
170: 99580, 99580, 99580
171: 99580, 99580, 99580
172: 99580, 99580, 99580
173: 99580, 99580, 99580
174: 99580, 99580, 99580
175: 99580, 99580, 99580
176: 99580, 99580, 99580
177: 99580, 99580, 99580
178: 99580, 99580, 99580
179: 99580, 99580, 99580
180: 99580, 99580, 99580
181: 99580, 99580, 99580
182: 99580, 99580, 99580
183: 99580, 99580, 99580
184: 99580, 99580, 99580
185: 99580, 99580, 99580
186: 99580, 99580, 99580
187: 99580, 99580, 99580
188: 99580, 99580, 99580
189: 99580, 99580, 99580
190: 99580, 99580, 99580
191: 99580, 99580, 99580
192: 99580, 99580, 99580
193: 99580, 99580, 99580
194: 99580, 99580, 99580
195: 99580, 99580, 99580
196: 99580, 99580, 99580
197: 99580, 99580, 99580
198: 99580, 99580, 99580
199: 99580, 99580, 99580
0: 97939, 98477.97, 99234
1: 98170, 98818.73, 99307
2: 99056, 99155.81, 99307
3: 99128, 99188.91, 99321
4: 99156, 99204.72, 99333
5: 99177, 99218.81, 99333
6: 99190, 99233.97, 99333
7: 99205, 99247.12, 99333
8: 99221, 99257.33, 99385
9: 99233, 99271.47, 99385
10: 99248, 99285.68, 99385
11: 99258, 99295.61, 99385
12: 99268, 99302.59, 99385
13: 99275, 99310.92, 99385
14: 99282, 99319.05, 99389
15: 99295, 99328.09, 99389
16: 99303, 99334.81, 99395
17: 99311, 99341.04, 99403
18: 99318, 99345.63, 99403
19: 99324, 99354.06, 99403
20: 99333, 99359.51, 99403
21: 99345, 99362.67, 99403
22: 99345, 99364.44, 99403
23: 99348, 99370.59, 99428
24: 99355, 99375.34, 99428
25: 99360, 99381.81, 99470
26: 99366, 99385.48, 99470
27: 99372, 99387.63, 99470
28: 99372, 99391.07, 99482
29: 99379, 99393.11, 99482
30: 99382, 99395.73, 99482
31: 99382, 99398.71, 99482
32: 99384, 99404.57, 99482
33: 99388, 99408.13, 99482
34: 99392, 99412.15, 99482
35: 99398, 99415.87, 99482
36: 99402, 99420.57, 99482
37: 99406, 99427.74, 99482
38: 99408, 99431.32, 99482
39: 99415, 99437.45, 99482
40: 99423, 99443.27, 99530
41: 99427, 99447.25, 99530
42: 99433, 99451.66, 99530
43: 99436, 99455.07, 99530
44: 99439, 99460.34, 99530
45: 99444, 99465.01, 99530
46: 99450, 99467.96, 99530
47: 99453, 99472.13, 99530
48: 99457, 99477.78, 99530
49: 99464, 99482.36, 99530
50: 99472, 99489.52, 99530
51: 99481, 99495.24, 99530
52: 99482, 99499.12, 99530
53: 99489, 99503.88, 99530
54: 99492, 99509.94, 99538
55: 99498, 99515.67, 99538
56: 99505, 99519.46, 99548
57: 99510, 99524.46, 99548
58: 99521, 99528.59, 99548
59: 99525, 99530.04, 99548
60: 99526, 99532.4, 99550
61: 99527, 99534.12, 99550
62: 99529, 99537.14, 99551
63: 99530, 99539.71, 99569
64: 99531, 99542.67, 99569
65: 99537, 99545.76, 99569
66: 99541, 99548.2, 99569
67: 99544, 99550.86, 99569
68: 99548, 99552.7, 99571
69: 99550, 99554.65, 99571
70: 99550, 99556.65, 99571
71: 99550, 99558.78, 99571
72: 99555, 99561.08, 99571
73: 99557, 99562.95, 99572
74: 99562, 99565.79, 99572
75: 99564, 99567.4, 99578
76: 99564, 99569.2, 99580
77: 99569, 99570.8, 99580
78: 99569, 99571.4, 99580
79: 99571, 99571.63, 99580
80: 99571, 99571.85, 99580
81: 99571, 99572.32, 99580
82: 99571, 99573.2, 99580
83: 99571, 99574.25, 99580
84: 99572, 99575.47, 99580
85: 99572, 99576.33, 99580
86: 99572, 99577.6, 99580
87: 99578, 99579.45, 99580
88: 99579, 99579.94, 99580
89: 99580, 99580, 99580
90: 99580, 99580, 99580
91: 99580, 99580, 99580
92: 99580, 99580, 99580
93: 99580, 99580, 99580
94: 99580, 99580, 99580
95: 99580, 99580, 99580
96: 99580, 99580, 99580
97: 99580, 99580, 99580
98: 99580, 99580, 99580
99: 99580, 99580, 99580
100: 99580, 99580, 99580
101: 99580, 99580, 99580
102: 99580, 99580, 99580
103: 99580, 99580, 99580
104: 99580, 99580, 99580
105: 99580, 99580, 99580
106: 99580, 99580, 99580
107: 99580, 99580, 99580
108: 99580, 99580, 99580
109: 99580, 99580, 99580
110: 99580, 99580, 99580
111: 99580, 99580, 99580
112: 99580, 99580, 99580
113: 99580, 99580, 99580
114: 99580, 99580, 99580
115: 99580, 99580, 99580
116: 99580, 99580, 99580
117: 99580, 99580, 99580
118: 99580, 99580, 99580
119: 99580, 99580, 99580
120: 99580, 99580, 99580
121: 99580, 99580, 99580
122: 99580, 99580, 99580
123: 99580, 99580, 99580
124: 99580, 99580, 99580
125: 99580, 99580, 99580
126: 99580, 99580, 99580
127: 99580, 99580, 99580
128: 99580, 99580, 99580
129: 99580, 99580, 99580
130: 99580, 99580, 99580
131: 99580, 99580, 99580
132: 99580, 99580, 99580
133: 99580, 99580, 99580
134: 99580, 99580, 99580
135: 99580, 99580, 99580
136: 99580, 99580, 99580
137: 99580, 99580, 99580
138: 99580, 99580, 99580
139: 99580, 99580, 99580
140: 99580, 99580, 99580
141: 99580, 99580, 99580
142: 99580, 99580, 99580
143: 99580, 99580, 99580
144: 99580, 99580, 99580
145: 99580, 99580, 99580
146: 99580, 99580, 99580
147: 99580, 99580, 99580
148: 99580, 99580, 99580
149: 99580, 99580, 99580
150: 99580, 99580, 99580
151: 99580, 99580, 99580
152: 99580, 99580, 99580
153: 99580, 99580, 99580
154: 99580, 99580, 99580
155: 99580, 99580, 99580
156: 99580, 99580, 99580
157: 99580, 99580, 99580
158: 99580, 99580, 99580
159: 99580, 99580, 99580
160: 99580, 99580, 99580
161: 99580, 99580, 99580
162: 99580, 99580, 99580
163: 99580, 99580, 99580
164: 99580, 99580, 99580
165: 99580, 99580, 99580
166: 99580, 99580, 99580
167: 99580, 99580, 99580
168: 99580, 99580, 99580
169: 99580, 99580, 99580
170: 99580, 99580, 99580
171: 99580, 99580, 99580
172: 99580, 99580, 99580
173: 99580, 99580, 99580
174: 99580, 99580, 99580
175: 99580, 99580, 99580
176: 99580, 99580, 99580
177: 99580, 99580, 99580
178: 99580, 99580, 99580
179: 99580, 99580, 99580
180: 99580, 99580, 99580
181: 99580, 99580, 99580
182: 99580, 99580, 99580
183: 99580, 99580, 99580
184: 99580, 99580, 99580
185: 99580, 99580, 99580
186: 99580, 99580, 99580
187: 99580, 99580, 99580
188: 99580, 99580, 99580
189: 99580, 99580, 99580
190: 99580, 99580, 99580
191: 99580, 99580, 99580
192: 99580, 99580, 99580
193: 99580, 99580, 99580
194: 99580, 99580, 99580
195: 99580, 99580, 99580
196: 99580, 99580, 99580
197: 99580, 99580, 99580
198: 99580, 99580, 99580
199: 99580, 99580, 99580
0: 97939, 98477.97, 99234
1: 98170, 98818.73, 99307
2: 99056, 99155.81, 99307
3: 99128, 99188.91, 99321
4: 99156, 99204.72, 99333
5: 99177, 99218.81, 99333
6: 99190, 99233.97, 99333
7: 99205, 99247.12, 99333
8: 99221, 99257.33, 99385
9: 99233, 99271.47, 99385
10: 99248, 99285.68, 99385
11: 99258, 99295.61, 99385
12: 99268, 99302.59, 99385
13: 99275, 99310.92, 99385
14: 99282, 99319.05, 99389
15: 99295, 99328.09, 99389
16: 99303, 99334.81, 99395
17: 99311, 99341.04, 99403
18: 99318, 99345.63, 99403
19: 99324, 99354.06, 99403
20: 99333, 99359.51, 99403
21: 99345, 99362.67, 99403
22: 99345, 99364.44, 99403
23: 99348, 99370.59, 99428
24: 99355, 99375.34, 99428
25: 99360, 99381.81, 99470
26: 99366, 99385.48, 99470
27: 99372, 99387.63, 99470
28: 99372, 99391.07, 99482
29: 99379, 99393.11, 99482
30: 99382, 99395.73, 99482
31: 99382, 99398.71, 99482
32: 99384, 99404.57, 99482
33: 99388, 99408.13, 99482
34: 99392, 99412.15, 99482
35: 99398, 99415.87, 99482
36: 99402, 99420.57, 99482
37: 99406, 99427.74, 99482
38: 99408, 99431.32, 99482
39: 99415, 99437.45, 99482
40: 99423, 99443.27, 99530
41: 99427, 99447.25, 99530
42: 99433, 99451.66, 99530
43: 99436, 99455.07, 99530
44: 99439, 99460.34, 99530
45: 99444, 99465.01, 99530
46: 99450, 99467.96, 99530
47: 99453, 99472.13, 99530
48: 99457, 99477.78, 99530
49: 99464, 99482.36, 99530
50: 99472, 99489.52, 99530
51: 99481, 99495.24, 99530
52: 99482, 99499.12, 99530
53: 99489, 99503.88, 99530
54: 99492, 99509.94, 99538
55: 99498, 99515.67, 99538
56: 99505, 99519.46, 99548
57: 99510, 99524.46, 99548
58: 99521, 99528.59, 99548
59: 99525, 99530.04, 99548
60: 99526, 99532.4, 99550
61: 99527, 99534.12, 99550
62: 99529, 99537.14, 99551
63: 99530, 99539.71, 99569
64: 99531, 99542.67, 99569
65: 99537, 99545.76, 99569
66: 99541, 99548.2, 99569
67: 99544, 99550.86, 99569
68: 99548, 99552.7, 99571
69: 99550, 99554.65, 99571
70: 99550, 99556.65, 99571
71: 99550, 99558.78, 99571
72: 99555, 99561.08, 99571
73: 99557, 99562.95, 99572
74: 99562, 99565.79, 99572
75: 99564, 99567.4, 99578
76: 99564, 99569.2, 99580
77: 99569, 99570.8, 99580
78: 99569, 99571.4, 99580
79: 99571, 99571.63, 99580
80: 99571, 99571.85, 99580
81: 99571, 99572.32, 99580
82: 99571, 99573.2, 99580
83: 99571, 99574.25, 99580
84: 99572, 99575.47, 99580
85: 99572, 99576.33, 99580
86: 99572, 99577.6, 99580
87: 99578, 99579.45, 99580
88: 99579, 99579.94, 99580
89: 99580, 99580, 99580
90: 99580, 99580, 99580
91: 99580, 99580, 99580
92: 99580, 99580, 99580
93: 99580, 99580, 99580
94: 99580, 99580, 99580
95: 99580, 99580, 99580
96: 99580, 99580, 99580
97: 99580, 99580, 99580
98: 99580, 99580, 99580
99: 99580, 99580, 99580
100: 99580, 99580, 99580
101: 99580, 99580, 99580
102: 99580, 99580, 99580
103: 99580, 99580, 99580
104: 99580, 99580, 99580
105: 99580, 99580, 99580
106: 99580, 99580, 99580
107: 99580, 99580, 99580
108: 99580, 99580, 99580
109: 99580, 99580, 99580
110: 99580, 99580, 99580
111: 99580, 99580, 99580
112: 99580, 99580, 99580
113: 99580, 99580, 99580
114: 99580, 99580, 99580
115: 99580, 99580, 99580
116: 99580, 99580, 99580
117: 99580, 99580, 99580
118: 99580, 99580, 99580
119: 99580, 99580, 99580
120: 99580, 99580, 99580
121: 99580, 99580, 99580
122: 99580, 99580, 99580
123: 99580, 99580, 99580
124: 99580, 99580, 99580
125: 99580, 99580, 99580
126: 99580, 99580, 99580
127: 99580, 99580, 99580
128: 99580, 99580, 99580
129: 99580, 99580, 99580
130: 99580, 99580, 99580
131: 99580, 99580, 99580
132: 99580, 99580, 99580
133: 99580, 99580, 99580
134: 99580, 99580, 99580
135: 99580, 99580, 99580
136: 99580, 99580, 99580
137: 99580, 99580, 99580
138: 99580, 99580, 99580
139: 99580, 99580, 99580
140: 99580, 99580, 99580
141: 99580, 99580, 99580
142: 99580, 99580, 99580
143: 99580, 99580, 99580
144: 99580, 99580, 99580
145: 99580, 99580, 99580
146: 99580, 99580, 99580
147: 99580, 99580, 99580
148: 99580, 99580, 99580
149: 99580, 99580, 99580
150: 99580, 99580, 99580
151: 99580, 99580, 99580
152: 99580, 99580, 99580
153: 99580, 99580, 99580
154: 99580, 99580, 99580
155: 99580, 99580, 99580
156: 99580, 99580, 99580
157: 99580, 99580, 99580
158: 99580, 99580, 99580
159: 99580, 99580, 99580
160: 99580, 99580, 99580
161: 99580, 99580, 99580
162: 99580, 99580, 99580
163: 99580, 99580, 99580
164: 99580, 99580, 99580
165: 99580, 99580, 99580
166: 99580, 99580, 99580
167: 99580, 99580, 99580
168: 99580, 99580, 99580
169: 99580, 99580, 99580
170: 99580, 99580, 99580
171: 99580, 99580, 99580
172: 99580, 99580, 99580
173: 99580, 99580, 99580
174: 99580, 99580, 99580
175: 99580, 99580, 99580
176: 99580, 99580, 99580
177: 99580, 99580, 99580
178: 99580, 99580, 99580
179: 99580, 99580, 99580
180: 99580, 99580, 99580
181: 99580, 99580, 99580
182: 99580, 99580, 99580
183: 99580, 99580, 99580
184: 99580, 99580, 99580
185: 99580, 99580, 99580
186: 99580, 99580, 99580
187: 99580, 99580, 99580
188: 99580, 99580, 99580
189: 99580, 99580, 99580
190: 99580, 99580, 99580
191: 99580, 99580, 99580
192: 99580, 99580, 99580
193: 99580, 99580, 99580
194: 99580, 99580, 99580
195: 99580, 99580, 99580
196: 99580, 99580, 99580
197: 99580, 99580, 99580
198: 99580, 99580, 99580
199: 99580, 99580, 99580
0: 97939, 98477.97, 99234
1: 98170, 98818.73, 99307
2: 99056, 99155.81, 99307
3: 99128, 99188.91, 99321
4: 99156, 99204.72, 99333
5: 99177, 99218.81, 99333
6: 99190, 99233.97, 99333
7: 99205, 99247.12, 99333
8: 99221, 99257.33, 99385
9: 99233, 99271.47, 99385
10: 99248, 99285.68, 99385
11: 99258, 99295.61, 99385
12: 99268, 99302.59, 99385
13: 99275, 99310.92, 99385
14: 99282, 99319.05, 99389
15: 99295, 99328.09, 99389
16: 99303, 99334.81, 99395
17: 99311, 99341.04, 99403
18: 99318, 99345.63, 99403
19: 99324, 99354.06, 99403
20: 99333, 99359.51, 99403
21: 99345, 99362.67, 99403
22: 99345, 99364.44, 99403
23: 99348, 99370.59, 99428
24: 99355, 99375.34, 99428
25: 99360, 99381.81, 99470
26: 99366, 99385.48, 99470
27: 99372, 99387.63, 99470
28: 99372, 99391.07, 99482
29: 99379, 99393.11, 99482
30: 99382, 99395.73, 99482
31: 99382, 99398.71, 99482
32: 99384, 99404.57, 99482
33: 99388, 99408.13, 99482
34: 99392, 99412.15, 99482
35: 99398, 99415.87, 99482
36: 99402, 99420.57, 99482
37: 99406, 99427.74, 99482
38: 99408, 99431.32, 99482
39: 99415, 99437.45, 99482
40: 99423, 99443.27, 99530
41: 99427, 99447.25, 99530
42: 99433, 99451.66, 99530
43: 99436, 99455.07, 99530
44: 99439, 99460.34, 99530
45: 99444, 99465.01, 99530
46: 99450, 99467.96, 99530
47: 99453, 99472.13, 99530
48: 99457, 99477.78, 99530
49: 99464, 99482.36, 99530
50: 99472, 99489.52, 99530
51: 99481, 99495.24, 99530
52: 99482, 99499.12, 99530
53: 99489, 99503.88, 99530
54: 99492, 99509.94, 99538
55: 99498, 99515.67, 99538
56: 99505, 99519.46, 99548
57: 99510, 99524.46, 99548
58: 99521, 99528.59, 99548
59: 99525, 99530.04, 99548
60: 99526, 99532.4, 99550
61: 99527, 99534.12, 99550
62: 99529, 99537.14, 99551
63: 99530, 99539.71, 99569
64: 99531, 99542.67, 99569
65: 99537, 99545.76, 99569
66: 99541, 99548.2, 99569
67: 99544, 99550.86, 99569
68: 99548, 99552.7, 99571
69: 99550, 99554.65, 99571
70: 99550, 99556.65, 99571
71: 99550, 99558.78, 99571
72: 99555, 99561.08, 99571
73: 99557, 99562.95, 99572
74: 99562, 99565.79, 99572
75: 99564, 99567.4, 99578
76: 99564, 99569.2, 99580
77: 99569, 99570.8, 99580
78: 99569, 99571.4, 99580
79: 99571, 99571.63, 99580
80: 99571, 99571.85, 99580
81: 99571, 99572.32, 99580
82: 99571, 99573.2, 99580
83: 99571, 99574.25, 99580
84: 99572, 99575.47, 99580
85: 99572, 99576.33, 99580
86: 99572, 99577.6, 99580
87: 99578, 99579.45, 99580
88: 99579, 99579.94, 99580
89: 99580, 99580, 99580
90: 99580, 99580, 99580
91: 99580, 99580, 99580
92: 99580, 99580, 99580
93: 99580, 99580, 99580
94: 99580, 99580, 99580
95: 99580, 99580, 99580
96: 99580, 99580, 99580
97: 99580, 99580, 99580
98: 99580, 99580, 99580
99: 99580, 99580, 99580
100: 99580, 99580, 99580
101: 99580, 99580, 99580
102: 99580, 99580, 99580
103: 99580, 99580, 99580
104: 99580, 99580, 99580
105: 99580, 99580, 99580
106: 99580, 99580, 99580
107: 99580, 99580, 99580
108: 99580, 99580, 99580
109: 99580, 99580, 99580
110: 99580, 99580, 99580
111: 99580, 99580, 99580
112: 99580, 99580, 99580
113: 99580, 99580, 99580
114: 99580, 99580, 99580
115: 99580, 99580, 99580
116: 99580, 99580, 99580
117: 99580, 99580, 99580
118: 99580, 99580, 99580
119: 99580, 99580, 99580
120: 99580, 99580, 99580
121: 99580, 99580, 99580
122: 99580, 99580, 99580
123: 99580, 99580, 99580
124: 99580, 99580, 99580
125: 99580, 99580, 99580
126: 99580, 99580, 99580
127: 99580, 99580, 99580
128: 99580, 99580, 99580
129: 99580, 99580, 99580
130: 99580, 99580, 99580
131: 99580, 99580, 99580
132: 99580, 99580, 99580
133: 99580, 99580, 99580
134: 99580, 99580, 99580
135: 99580, 99580, 99580
136: 99580, 99580, 99580
137: 99580, 99580, 99580
138: 99580, 99580, 99580
139: 99580, 99580, 99580
140: 99580, 99580, 99580
141: 99580, 99580, 99580
142: 99580, 99580, 99580
143: 99580, 99580, 99580
144: 99580, 99580, 99580
145: 99580, 99580, 99580
146: 99580, 99580, 99580
147: 99580, 99580, 99580
148: 99580, 99580, 99580
149: 99580, 99580, 99580
150: 99580, 99580, 99580
151: 99580, 99580, 99580
152: 99580, 99580, 99580
153: 99580, 99580, 99580
154: 99580, 99580, 99580
155: 99580, 99580, 99580
156: 99580, 99580, 99580
157: 99580, 99580, 99580
158: 99580, 99580, 99580
159: 99580, 99580, 99580
160: 99580, 99580, 99580
161: 99580, 99580, 99580
162: 99580, 99580, 99580
163: 99580, 99580, 99580
164: 99580, 99580, 99580
165: 99580, 99580, 99580
166: 99580, 99580, 99580
167: 99580, 99580, 99580
168: 99580, 99580, 99580
169: 99580, 99580, 99580
170: 99580, 99580, 99580
171: 99580, 99580, 99580
172: 99580, 99580, 99580
173: 99580, 99580, 99580
174: 99580, 99580, 99580
175: 99580, 99580, 99580
176: 99580, 99580, 99580
177: 99580, 99580, 99580
178: 99580, 99580, 99580
179: 99580, 99580, 99580
180: 99580, 99580, 99580
181: 99580, 99580, 99580
182: 99580, 99580, 99580
183: 99580, 99580, 99580
184: 99580, 99580, 99580
185: 99580, 99580, 99580
186: 99580, 99580, 99580
187: 99580, 99580, 99580
188: 99580, 99580, 99580
189: 99580, 99580, 99580
190: 99580, 99580, 99580
191: 99580, 99580, 99580
192: 99580, 99580, 99580
193: 99580, 99580, 99580
194: 99580, 99580, 99580
195: 99580, 99580, 99580
196: 99580, 99580, 99580
197: 99580, 99580, 99580
198: 99580, 99580, 99580
199: 99580, 99580, 99580
200: 99580, 99580, 99580
201: 99580, 99580, 99580
202: 99580, 99580, 99580
203: 99580, 99580, 99580
204: 99580, 99580, 99580
205: 99580, 99580, 99580
206: 99580, 99580, 99580
207: 99580, 99580, 99580
208: 99580, 99580, 99580
209: 99580, 99580, 99580
210: 99580, 99580, 99580
211: 99580, 99580, 99580
212: 99580, 99580, 99580
213: 99580, 99580, 99580
214: 99580, 99580, 99580
215: 99580, 99580, 99580
216: 99580, 99580, 99580
217: 99580, 99580, 99580
218: 99580, 99580, 99580
219: 99580, 99580, 99580
220: 99580, 99580, 99580
221: 99580, 99580, 99580
222: 99580, 99580, 99580
223: 99580, 99580, 99580
224: 99580, 99580, 99580
225: 99580, 99580, 99580
226: 99580, 99580, 99580
227: 99580, 99580, 99580
228: 99580, 99580, 99580
229: 99580, 99580, 99580
230: 99580, 99580, 99580
231: 99580, 99580, 99580
232: 99580, 99580, 99580
233: 99580, 99580, 99580
234: 99580, 99580, 99580
235: 99580, 99580, 99580
236: 99580, 99580, 99580
237: 99580, 99580, 99580
238: 99580, 99580, 99580
239: 99580, 99580, 99580
240: 99580, 99580, 99580
241: 99580, 99580, 99580
242: 99580, 99580, 99580
243: 99580, 99580, 99580
244: 99580, 99580, 99580
245: 99580, 99580, 99580
246: 99580, 99580, 99580
247: 99580, 99580, 99580
248: 99580, 99580, 99580
249: 99580, 99580, 99580
250: 99580, 99580, 99580
251: 99580, 99580, 99580
252: 99580, 99580, 99580
253: 99580, 99580, 99580
254: 99580, 99580, 99580
255: 99580, 99580, 99580
256: 99580, 99580, 99580
257: 99580, 99580, 99580
258: 99580, 99580, 99580
259: 99580, 99580, 99580
260: 99580, 99580, 99580
261: 99580, 99580, 99580
262: 99580, 99580, 99580
263: 99580, 99580, 99580
264: 99580, 99580, 99580
265: 99580, 99580, 99580
266: 99580, 99580, 99580
267: 99580, 99580, 99580
268: 99580, 99580, 99580
269: 99580, 99580, 99580
270: 99580, 99580, 99580
271: 99580, 99580, 99580
272: 99580, 99580, 99580
273: 99580, 99580, 99580
274: 99580, 99580, 99580
275: 99580, 99580, 99580
276: 99580, 99580, 99580
277: 99580, 99580, 99580
278: 99580, 99580, 99580
279: 99580, 99580, 99580
280: 99580, 99580, 99580
281: 99580, 99580, 99580
282: 99580, 99580, 99580
283: 99580, 99580, 99580
284: 99580, 99580, 99580
285: 99580, 99580, 99580
286: 99580, 99580, 99580
287: 99580, 99580, 99580
288: 99580, 99580, 99580
289: 99580, 99580, 99580
290: 99580, 99580, 99580
291: 99580, 99580, 99580
292: 99580, 99580, 99580
293: 99580, 99580, 99580
294: 99580, 99580, 99580
295: 99580, 99580, 99580
296: 99580, 99580, 99580
297: 99580, 99580, 99580
298: 99580, 99580, 99580
299: 99580, 99580, 99580
300: 99580, 99580, 99580
301: 99580, 99580, 99580
302: 99580, 99580, 99580
303: 99580, 99580, 99580
304: 99580, 99580, 99580
305: 99580, 99580, 99580
306: 99580, 99580, 99580
307: 99580, 99580, 99580
308: 99580, 99580, 99580
309: 99580, 99580, 99580
310: 99580, 99580, 99580
311: 99580, 99580, 99580
312: 99580, 99580, 99580
313: 99580, 99580, 99580
314: 99580, 99580, 99580
315: 99580, 99580, 99580
316: 99580, 99580, 99580
317: 99580, 99580, 99580
318: 99580, 99580, 99580
319: 99580, 99580, 99580
320: 99580, 99580, 99580
321: 99580, 99580, 99580
322: 99580, 99580, 99580
323: 99580, 99580, 99580
324: 99580, 99580, 99580
325: 99580, 99580, 99580
326: 99580, 99580, 99580
327: 99580, 99580, 99580
328: 99580, 99580, 99580
329: 99580, 99580, 99580
330: 99580, 99580, 99580
331: 99580, 99580, 99580
332: 99580, 99580, 99580
333: 99580, 99580, 99580
334: 99580, 99580, 99580
335: 99580, 99580, 99580
336: 99580, 99580, 99580
337: 99580, 99580, 99580
338: 99580, 99580, 99580
339: 99580, 99580, 99580
340: 99580, 99580, 99580
341: 99580, 99580, 99580
342: 99580, 99580, 99580
343: 99580, 99580, 99580
344: 99580, 99580, 99580
345: 99580, 99580, 99580
346: 99580, 99580, 99580
347: 99580, 99580, 99580
348: 99580, 99580, 99580
349: 99580, 99580, 99580
350: 99580, 99580, 99580
351: 99580, 99580, 99580
352: 99580, 99580, 99580
353: 99580, 99580, 99580
354: 99580, 99580, 99580
355: 99580, 99580, 99580
356: 99580, 99580, 99580
357: 99580, 99580, 99580
358: 99580, 99580, 99580
359: 99580, 99580, 99580
360: 99580, 99580, 99580
361: 99580, 99580, 99580
362: 99580, 99580, 99580
363: 99580, 99580, 99580
364: 99580, 99580, 99580
365: 99580, 99580, 99580
366: 99580, 99580, 99580
367: 99580, 99580, 99580
368: 99580, 99580, 99580
369: 99580, 99580, 99580
370: 99580, 99580, 99580
371: 99580, 99580, 99580
372: 99580, 99580, 99580
373: 99580, 99580, 99580
374: 99580, 99580, 99580
375: 99580, 99580, 99580
376: 99580, 99580, 99580
377: 99580, 99580, 99580
378: 99580, 99580, 99580
379: 99580, 99580, 99580
380: 99580, 99580, 99580
381: 99580, 99580, 99580
382: 99580, 99580, 99580
383: 99580, 99580, 99580
384: 99580, 99580, 99580
385: 99580, 99580, 99580
386: 99580, 99580, 99580
387: 99580, 99580, 99580
388: 99580, 99580, 99580
389: 99580, 99580, 99580
390: 99580, 99580, 99580
391: 99580, 99580, 99580
392: 99580, 99580, 99580
393: 99580, 99580, 99580
394: 99580, 99580, 99580
395: 99580, 99580, 99580
396: 99580, 99580, 99580
397: 99580, 99580, 99580
398: 99580, 99580, 99580
399: 99580, 99580, 99580
400: 99580, 99580, 99580
401: 99580, 99580, 99580
402: 99580, 99580, 99580
403: 99580, 99580, 99580
404: 99580, 99580, 99580
405: 99580, 99580, 99580
406: 99580, 99580, 99580
407: 99580, 99580, 99580
408: 99580, 99580, 99580
409: 99580, 99580, 99580
410: 99580, 99580, 99580
411: 99580, 99580, 99580
412: 99580, 99580, 99580
413: 99580, 99580, 99580
414: 99580, 99580, 99580
415: 99580, 99580, 99580
416: 99580, 99580, 99580
417: 99580, 99580, 99580
418: 99580, 99580, 99580
419: 99580, 99580, 99580
420: 99580, 99580, 99580
421: 99580, 99580, 99580
422: 99580, 99580, 99580
423: 99580, 99580, 99580
424: 99580, 99580, 99580
425: 99580, 99580, 99580
426: 99580, 99580, 99580
427: 99580, 99580, 99580
428: 99580, 99580, 99580
429: 99580, 99580, 99580
430: 99580, 99580, 99580
431: 99580, 99580, 99580
432: 99580, 99580, 99580
433: 99580, 99580, 99580
434: 99580, 99580, 99580
435: 99580, 99580, 99580
436: 99580, 99580, 99580
437: 99580, 99580, 99580
438: 99580, 99580, 99580
439: 99580, 99580, 99580
440: 99580, 99580, 99580
441: 99580, 99580, 99580
442: 99580, 99580, 99580
443: 99580, 99580, 99580
444: 99580, 99580, 99580
445: 99580, 99580, 99580
446: 99580, 99580, 99580
447: 99580, 99580, 99580
448: 99580, 99580, 99580
449: 99580, 99580, 99580
450: 99580, 99580, 99580
451: 99580, 99580, 99580
452: 99580, 99580, 99580
453: 99580, 99580, 99580
454: 99580, 99580, 99580
455: 99580, 99580, 99580
456: 99580, 99580, 99580
457: 99580, 99580, 99580
458: 99580, 99580, 99580
459: 99580, 99580, 99580
460: 99580, 99580, 99580
461: 99580, 99580, 99580
462: 99580, 99580, 99580
463: 99580, 99580, 99580
464: 99580, 99580, 99580
465: 99580, 99580, 99580
466: 99580, 99580, 99580
467: 99580, 99580, 99580
468: 99580, 99580, 99580
469: 99580, 99580, 99580
470: 99580, 99580, 99580
471: 99580, 99580, 99580
472: 99580, 99580, 99580
473: 99580, 99580, 99580
474: 99580, 99580, 99580
475: 99580, 99580, 99580
476: 99580, 99580, 99580
477: 99580, 99580, 99580
478: 99580, 99580, 99580
479: 99580, 99580, 99580
480: 99580, 99580, 99580
481: 99580, 99580, 99580
482: 99580, 99580, 99580
483: 99580, 99580, 99580
484: 99580, 99580, 99580
485: 99580, 99580, 99580
486: 99580, 99580, 99580
487: 99580, 99580, 99580
488: 99580, 99580, 99580
489: 99580, 99580, 99580
490: 99580, 99580, 99580
491: 99580, 99580, 99580
492: 99580, 99580, 99580
493: 99580, 99580, 99580
494: 99580, 99580, 99580
495: 99580, 99580, 99580
496: 99580, 99580, 99580
497: 99580, 99580, 99580
498: 99580, 99580, 99580
499: 99580, 99580, 99580
